,parcode,trial,rt,choice,item_left,item_right
0,1,0,3327,1,0.0,5.0
1,1,1,3424,1,5.0,4.0
2,1,2,3691,1,4.0,1.0
3,1,3,8144,-1,3.0,5.0
4,1,4,6559,-1,5.0,5.0
5,1,5,5595,-1,0.0,1.0
6,1,6,2470,1,3.0,0.0
7,1,7,6091,1,0.0,0.0
8,1,8,4669,1,3.0,4.0
9,1,9,4001,1,5.0,0.0
10,1,10,3301,-1,0.0,0.0
11,1,11,2867,-1,2.0,5.0
12,1,12,3117,1,4.0,0.0
13,1,13,10424,1,4.0,5.0
14,1,14,2754,-1,1.0,3.0
15,1,15,5836,1,5.0,4.0
16,1,16,3931,1,4.0,4.0
17,1,17,3602,1,3.0,0.0
18,1,18,5674,-1,4.0,2.0
19,1,19,2567,1,4.0,0.0
20,1,20,2097,-1,0.0,3.0
21,1,21,3641,-1,0.0,0.0
22,1,22,4550,1,4.0,3.0
23,1,23,2973,1,4.0,2.0
24,1,24,2824,-1,1.0,4.0
25,1,25,3643,-1,5.0,5.0
26,1,26,2188,1,4.0,0.0
27,1,27,3321,1,4.0,0.0
28,1,28,6784,-1,4.0,5.0
29,1,29,2314,-1,0.0,5.0
30,1,30,2952,-1,0.0,5.0
31,1,31,8388,-1,1.0,2.0
32,1,32,5341,1,1.0,4.0
33,1,33,2183,1,0.0,0.0
34,1,34,3207,-1,0.0,4.0
35,1,35,3224,1,0.0,3.0
36,1,36,3476,1,4.0,4.0
37,1,37,2295,-1,0.0,4.0
38,1,38,3513,-1,3.0,5.0
39,1,39,4458,1,0.0,0.0
40,1,40,2348,1,3.0,0.0
41,1,41,2809,-1,2.0,4.0
42,1,42,1992,-1,0.0,4.0
43,1,43,1534,1,4.0,0.0
44,1,44,3023,-1,0.0,5.0
45,1,45,3452,-1,5.0,5.0
46,1,46,3961,1,5.0,3.0
47,1,47,2636,1,5.0,0.0
48,1,48,1898,1,5.0,0.0
49,1,49,1725,1,5.0,0.0
50,1,50,4336,1,5.0,5.0
51,1,51,2037,-1,0.0,0.0
52,1,52,2479,-1,0.0,4.0
53,1,53,3389,1,5.0,3.0
54,1,54,2339,-1,4.0,5.0
55,1,55,3609,-1,4.0,4.0
56,1,56,7371,1,5.0,3.0
57,1,57,2520,-1,3.0,5.0
58,1,58,1761,1,5.0,2.0
59,1,59,2593,1,4.0,4.0
60,1,60,5772,1,3.0,0.0
61,1,61,1945,-1,0.0,4.0
62,1,62,1621,1,0.0,0.0
63,1,63,2952,1,3.0,2.0
64,1,64,2725,-1,1.0,5.0
65,1,65,2591,-1,0.0,3.0
66,1,66,3523,1,2.0,0.0
67,1,67,7082,-1,1.0,0.0
68,1,68,4066,1,3.0,1.0
69,1,69,2602,-1,1.0,5.0
70,1,70,3239,1,2.0,1.0
71,1,71,1943,-1,3.0,3.0
72,1,72,3627,-1,4.0,5.0
73,1,73,6245,-1,4.0,3.0
74,1,74,4574,1,4.0,3.0
75,1,75,4327,1,4.0,0.0
76,1,76,6247,-1,0.0,5.0
77,1,77,2353,-1,0.0,1.0
78,1,78,4758,-1,0.0,3.0
79,1,79,2715,-1,0.0,4.0
80,1,80,1573,-1,0.0,0.0
81,1,81,1712,1,4.0,4.0
82,1,82,2040,-1,3.0,4.0
83,1,83,2372,1,5.0,4.0
84,1,84,4185,-1,5.0,4.0
85,1,85,3429,1,0.0,1.0
86,1,86,2044,-1,2.0,3.0
87,1,87,2542,1,5.0,0.0
88,1,88,1576,1,5.0,1.0
89,1,89,2497,-1,0.0,0.0
90,1,90,2511,1,4.0,0.0
91,1,91,1564,1,3.0,3.0
92,1,92,1616,1,3.0,0.0
93,1,93,2987,1,5.0,4.0
94,1,94,3625,-1,4.0,5.0
95,1,95,2226,-1,0.0,5.0
96,1,96,2179,-1,0.0,3.0
97,1,97,1847,-1,0.0,4.0
98,1,98,1569,1,1.0,0.0
99,1,99,2371,-1,0.0,5.0
100,1,100,2482,-1,0.0,4.0
101,1,101,2747,-1,0.0,0.0
102,1,102,2918,1,5.0,3.0
103,1,103,3706,1,5.0,4.0
104,1,104,3625,1,5.0,0.0
105,1,105,3938,-1,0.0,0.0
106,1,106,2329,-1,0.0,0.0
107,1,107,2028,-1,1.0,4.0
108,1,108,1665,1,4.0,0.0
109,1,109,1580,1,5.0,0.0
110,1,110,4189,-1,4.0,5.0
111,1,111,2626,-1,4.0,4.0
112,1,112,3783,1,4.0,1.0
113,1,113,2920,-1,3.0,5.0
114,1,114,4843,-1,1.0,0.0
115,1,115,5275,-1,2.0,4.0
116,1,116,5630,-1,0.0,2.0
117,1,117,1871,1,5.0,1.0
118,1,118,4173,1,4.0,1.0
119,1,119,2828,-1,3.0,4.0
120,2,0,4960,-1,0.0,5.0
121,2,1,6438,-1,5.0,5.0
122,2,2,5125,-1,0.0,5.0
123,2,3,4268,-1,0.0,5.0
124,2,4,4726,1,5.0,2.0
125,2,5,5392,1,5.0,2.0
126,2,6,3471,1,0.0,0.0
127,2,7,4299,1,5.0,2.0
128,2,8,4299,1,5.0,5.0
129,2,9,4088,-1,5.0,5.0
130,2,10,3147,-1,0.0,0.0
131,2,11,3923,-1,0.0,0.0
132,2,12,3889,-1,2.0,5.0
133,2,13,4426,-1,0.0,0.0
134,2,14,3035,1,5.0,0.0
135,2,15,4915,1,0.0,0.0
136,2,16,5395,1,5.0,2.0
137,2,17,5623,1,2.0,5.0
138,2,18,6208,1,2.0,0.0
139,2,19,2323,1,0.0,0.0
140,2,20,3491,-1,2.0,0.0
141,2,21,5468,1,5.0,0.0
142,2,22,6446,-1,5.0,5.0
143,2,23,4541,1,2.0,2.0
144,2,24,3991,-1,0.0,5.0
145,2,25,4235,-1,5.0,5.0
146,2,26,5489,1,5.0,5.0
147,2,27,6380,-1,5.0,5.0
148,2,28,3385,1,5.0,0.0
149,2,29,4479,1,5.0,5.0
150,2,30,3546,-1,0.0,5.0
151,2,31,3266,1,5.0,0.0
152,2,32,2267,1,0.0,0.0
153,2,33,3808,-1,0.0,2.0
154,2,34,4033,-1,5.0,2.0
155,2,35,3093,-1,0.0,5.0
156,2,36,3486,1,0.0,2.0
157,2,37,5401,-1,0.0,5.0
158,2,38,2833,-1,5.0,0.0
159,2,39,1746,-1,0.0,5.0
160,2,40,2741,1,5.0,0.0
161,2,41,2186,-1,0.0,5.0
162,2,42,2803,-1,0.0,0.0
163,2,43,1702,-1,0.0,2.0
164,2,44,2152,-1,0.0,0.0
165,2,45,1414,1,0.0,5.0
166,2,46,1979,1,5.0,2.0
167,2,47,1929,1,5.0,2.0
168,2,48,1618,-1,0.0,5.0
169,2,49,1534,-1,0.0,0.0
170,2,50,1384,-1,2.0,5.0
171,2,51,1343,1,0.0,0.0
172,2,52,1683,1,0.0,0.0
173,2,53,2062,1,5.0,0.0
174,2,54,1539,1,5.0,5.0
175,2,55,1601,1,5.0,5.0
176,2,56,1858,-1,0.0,0.0
177,2,57,1467,1,5.0,5.0
178,2,58,1867,-1,5.0,5.0
179,2,59,1450,-1,0.0,5.0
180,2,60,2378,-1,5.0,5.0
181,2,61,2138,1,2.0,5.0
182,2,62,1414,-1,0.0,0.0
183,2,63,1971,-1,5.0,2.0
184,2,64,1983,1,5.0,0.0
185,2,65,2258,1,5.0,0.0
186,2,66,1400,1,5.0,0.0
187,2,67,1192,1,5.0,0.0
188,2,68,1291,1,5.0,0.0
189,2,69,1035,1,2.0,0.0
190,2,70,2068,1,0.0,5.0
191,2,71,1164,1,5.0,0.0
192,2,72,1482,-1,5.0,5.0
193,2,73,1122,1,2.0,0.0
194,2,74,1763,1,0.0,0.0
195,2,75,2008,1,5.0,2.0
196,2,76,1831,1,0.0,5.0
197,2,77,2109,-1,2.0,5.0
198,2,78,1709,1,5.0,5.0
199,2,79,1236,-1,5.0,5.0
200,2,80,1524,1,0.0,0.0
201,2,81,1581,1,5.0,5.0
202,2,82,1901,1,0.0,0.0
203,2,83,1353,-1,2.0,5.0
204,2,84,1977,1,2.0,0.0
205,2,85,2311,-1,5.0,5.0
206,2,86,4034,1,2.0,0.0
207,2,87,4496,-1,0.0,5.0
208,2,88,3360,1,5.0,0.0
209,2,89,2518,1,0.0,0.0
210,2,90,2633,-1,5.0,0.0
211,2,91,1823,-1,0.0,0.0
212,2,92,1877,-1,2.0,5.0
213,2,93,1594,-1,0.0,0.0
214,2,94,1612,-1,2.0,5.0
215,2,95,1802,-1,0.0,5.0
216,2,96,1411,-1,0.0,5.0
217,2,97,1388,-1,0.0,5.0
218,2,98,1358,1,0.0,2.0
219,2,99,1781,-1,5.0,0.0
220,2,100,1297,-1,5.0,5.0
221,2,101,1113,-1,0.0,5.0
222,2,102,2545,-1,5.0,0.0
223,2,103,1569,-1,2.0,0.0
224,2,104,2018,-1,5.0,5.0
225,2,105,1145,1,5.0,0.0
226,2,106,1527,-1,0.0,2.0
227,2,107,1212,1,5.0,5.0
228,2,108,1160,1,5.0,5.0
229,2,109,1098,1,5.0,5.0
230,2,110,1057,-1,0.0,5.0
231,2,111,838,1,5.0,0.0
232,2,112,1373,-1,5.0,5.0
233,2,113,1476,-1,0.0,2.0
234,2,114,1187,-1,0.0,5.0
235,2,115,1047,1,2.0,5.0
236,2,116,1063,1,5.0,0.0
237,2,117,861,-1,2.0,2.0
238,2,118,1220,-1,0.0,2.0
239,2,119,757,1,5.0,0.0
240,3,0,4203,-1,2.0,4.0
241,3,1,4734,1,4.0,3.0
242,3,2,4187,-1,2.0,4.0
243,3,3,2945,-1,1.0,1.0
244,3,4,3554,1,4.0,2.0
245,3,5,5791,1,2.0,2.0
246,3,6,630,-1,2.0,3.0
247,3,7,3815,-1,2.0,3.0
248,3,8,5328,1,2.0,1.0
249,3,9,6404,-1,4.0,3.0
250,3,10,2052,-1,1.0,4.0
251,3,11,5112,1,3.0,3.0
252,3,12,2769,-1,3.0,4.0
253,3,13,3526,-1,4.0,3.0
254,3,14,6337,1,3.0,2.0
255,3,15,2655,-1,2.0,4.0
256,3,16,2385,1,2.0,2.0
257,3,17,1899,1,2.0,2.0
258,3,18,2165,1,2.0,1.0
259,3,19,2011,1,2.0,1.0
260,3,20,4543,1,1.0,1.0
261,3,21,3104,-1,2.0,4.0
262,3,22,3357,1,2.0,1.0
263,3,23,2669,-1,1.0,3.0
264,3,24,3132,1,2.0,1.0
265,3,25,8554,1,2.0,2.0
266,3,26,4247,-1,4.0,4.0
267,3,27,4917,-1,2.0,3.0
268,3,28,5040,1,2.0,2.0
269,3,29,2385,1,4.0,1.0
270,3,30,2413,-1,2.0,3.0
271,3,31,2459,-1,2.0,4.0
272,3,32,4277,-1,3.0,2.0
273,3,33,3671,1,1.0,2.0
274,3,34,1866,1,4.0,1.0
275,3,35,2340,-1,2.0,2.0
276,3,36,4751,-1,1.0,4.0
277,3,37,5185,1,1.0,1.0
278,3,38,2073,1,3.0,1.0
279,3,39,2031,-1,1.0,3.0
280,3,40,1964,-1,3.0,3.0
281,3,41,2323,1,3.0,1.0
282,3,42,2812,1,3.0,2.0
283,3,43,2225,-1,1.0,1.0
284,3,44,1786,1,3.0,2.0
285,3,45,1676,-1,2.0,1.0
286,3,46,2207,-1,1.0,2.0
287,3,47,1493,-1,1.0,2.0
288,3,48,5068,1,3.0,2.0
289,3,49,3112,1,3.0,4.0
290,3,50,4139,1,2.0,3.0
291,3,51,2312,1,4.0,2.0
292,3,52,2852,-1,1.0,2.0
293,3,53,3026,1,3.0,4.0
294,3,54,3254,-1,2.0,4.0
295,3,55,2383,-1,1.0,3.0
296,3,56,2269,1,4.0,1.0
297,3,57,1511,-1,1.0,4.0
298,3,58,14774,-1,3.0,3.0
299,3,59,2133,1,3.0,1.0
300,3,60,3904,1,4.0,2.0
301,3,61,3875,-1,2.0,2.0
302,3,62,2880,-1,1.0,2.0
303,3,63,1806,-1,1.0,2.0
304,3,64,2263,-1,2.0,4.0
305,3,65,7731,1,4.0,2.0
306,3,66,3051,-1,2.0,3.0
307,3,67,2542,-1,2.0,4.0
308,3,68,3003,1,4.0,2.0
309,3,69,2876,1,4.0,4.0
310,3,70,1992,1,2.0,2.0
311,3,71,2447,-1,2.0,2.0
312,3,72,4018,-1,1.0,4.0
313,3,73,3263,1,2.0,3.0
314,3,74,2281,-1,1.0,1.0
315,3,75,6951,-1,2.0,2.0
316,3,76,3526,1,3.0,2.0
317,3,77,2094,1,4.0,2.0
318,3,78,3462,-1,4.0,4.0
319,3,79,1916,1,2.0,3.0
320,3,80,4374,-1,3.0,2.0
321,3,81,1255,1,1.0,4.0
322,3,82,2214,1,2.0,1.0
323,3,83,1485,1,4.0,1.0
324,3,84,1662,1,2.0,1.0
325,3,85,1511,-1,2.0,3.0
326,3,86,2811,-1,3.0,4.0
327,3,87,2105,1,4.0,1.0
328,3,88,1197,-1,1.0,3.0
329,3,89,1095,-1,1.0,2.0
330,3,90,2910,-1,3.0,2.0
331,3,91,430,-1,1.0,2.0
332,3,92,2373,1,4.0,1.0
333,3,93,1275,-1,2.0,4.0
334,3,94,2077,-1,2.0,2.0
335,3,95,4286,1,4.0,2.0
336,3,96,3626,-1,4.0,4.0
337,3,97,2098,-1,4.0,4.0
338,3,98,2018,-1,2.0,2.0
339,3,99,2155,-1,2.0,2.0
340,3,100,1312,-1,1.0,4.0
341,3,101,2025,-1,1.0,1.0
342,3,102,2711,-1,2.0,1.0
343,3,103,1879,1,1.0,2.0
344,3,104,2481,1,4.0,2.0
345,3,105,1066,-1,3.0,2.0
346,3,106,1863,1,4.0,3.0
347,3,107,6252,-1,2.0,2.0
348,3,108,1516,1,2.0,2.0
349,3,109,1693,-1,1.0,3.0
350,3,110,1415,1,4.0,2.0
351,3,111,1477,1,3.0,1.0
352,3,112,1115,-1,2.0,2.0
353,3,113,2117,-1,2.0,4.0
354,3,114,3668,1,3.0,1.0
355,3,115,1212,1,3.0,3.0
356,3,116,1658,1,4.0,2.0
357,3,117,1081,-1,2.0,2.0
358,3,118,1605,1,2.0,2.0
359,3,119,2735,1,4.0,4.0
360,4,0,4777,-1,0.0,3.0
361,4,1,7090,-1,1.0,3.0
362,4,2,4338,1,4.0,1.0
363,4,3,11097,-1,3.0,3.0
364,4,4,5289,-1,3.0,3.0
365,4,5,3754,1,3.0,2.0
366,4,6,3146,-1,1.0,3.0
367,4,7,2635,1,5.0,4.0
368,4,8,3422,-1,0.0,2.0
369,4,9,9677,1,5.0,3.0
370,4,10,2342,-1,0.0,1.0
371,4,11,2643,1,4.0,2.0
372,4,12,2593,-1,3.0,4.0
373,4,13,2975,-1,0.0,1.0
374,4,14,3094,-1,3.0,3.0
375,4,15,2419,1,2.0,0.0
376,4,16,9847,1,4.0,3.0
377,4,17,2667,1,3.0,1.0
378,4,18,2451,1,2.0,0.0
379,4,19,1832,-1,0.0,1.0
380,4,20,4519,-1,1.0,3.0
381,4,21,2357,-1,1.0,3.0
382,4,22,2320,-1,1.0,3.0
383,4,23,3029,-1,1.0,4.0
384,4,24,3476,-1,2.0,5.0
385,4,25,2531,1,3.0,0.0
386,4,26,4449,-1,3.0,3.0
387,4,27,2778,1,4.0,0.0
388,4,28,3198,1,4.0,0.0
389,4,29,2604,1,3.0,0.0
390,4,30,1736,-1,0.0,4.0
391,4,31,1528,-1,0.0,3.0
392,4,32,7987,-1,0.0,0.0
393,4,33,1808,-1,1.0,2.0
394,4,34,7586,1,3.0,3.0
395,4,35,2152,1,3.0,0.0
396,4,36,5162,1,3.0,4.0
397,4,37,4705,1,3.0,1.0
398,4,38,8093,-1,3.0,5.0
399,4,39,8516,-1,1.0,3.0
400,4,40,8523,1,4.0,3.0
401,4,41,2491,1,3.0,1.0
402,4,42,2304,-1,0.0,2.0
403,4,43,2587,1,4.0,1.0
404,4,44,2710,1,5.0,2.0
405,4,45,4325,1,2.0,1.0
406,4,46,2295,1,2.0,1.0
407,4,47,2445,-1,3.0,2.0
408,4,48,3839,1,4.0,3.0
409,4,49,2748,1,4.0,1.0
410,4,50,2838,1,2.0,2.0
411,4,51,5352,1,4.0,5.0
412,4,52,3472,-1,2.0,4.0
413,4,53,1811,-1,3.0,3.0
414,4,54,3039,1,2.0,0.0
415,4,55,2841,1,1.0,1.0
416,4,56,11103,1,3.0,1.0
417,4,57,1573,-1,2.0,5.0
418,4,58,1916,1,4.0,0.0
419,4,59,3020,1,1.0,0.0
420,4,60,3972,1,5.0,3.0
421,4,61,3019,-1,3.0,3.0
422,4,62,6740,1,2.0,3.0
423,4,63,2329,1,3.0,3.0
424,4,64,4697,-1,3.0,5.0
425,4,65,6004,-1,1.0,3.0
426,4,66,2018,1,3.0,0.0
427,4,67,2470,1,1.0,4.0
428,4,68,2635,1,4.0,4.0
429,4,69,1999,1,3.0,1.0
430,4,70,3486,-1,2.0,3.0
431,4,71,1772,1,3.0,3.0
432,4,72,3926,1,3.0,1.0
433,4,73,2001,-1,0.0,3.0
434,4,74,2195,-1,4.0,5.0
435,4,75,2002,-1,0.0,4.0
436,4,76,1932,1,1.0,0.0
437,4,77,2868,1,2.0,5.0
438,4,78,2314,-1,1.0,2.0
439,4,79,2149,1,3.0,4.0
440,4,80,4482,1,1.0,2.0
441,4,81,2049,1,2.0,3.0
442,4,82,2621,-1,3.0,2.0
443,4,83,3313,-1,3.0,3.0
444,4,84,1616,-1,4.0,3.0
445,4,85,1869,1,5.0,2.0
446,4,86,4355,1,3.0,1.0
447,4,87,1976,-1,1.0,3.0
448,4,88,1653,-1,1.0,3.0
449,4,89,2198,-1,2.0,4.0
450,4,90,1692,1,3.0,1.0
451,4,91,1836,-1,0.0,3.0
452,4,92,1472,1,3.0,3.0
453,4,93,4448,1,5.0,2.0
454,4,94,1249,-1,1.0,4.0
455,4,95,5278,-1,2.0,2.0
456,4,96,2021,-1,0.0,3.0
457,4,97,7385,1,3.0,3.0
458,4,98,2576,-1,4.0,3.0
459,4,99,1866,1,2.0,1.0
460,4,100,4400,1,3.0,3.0
461,4,101,1694,1,1.0,0.0
462,4,102,2222,1,5.0,4.0
463,4,103,1475,-1,1.0,4.0
464,4,104,4503,-1,3.0,4.0
465,4,105,1636,1,2.0,1.0
466,4,106,1509,-1,0.0,2.0
467,4,107,1361,-1,4.0,1.0
468,4,108,1715,-1,1.0,1.0
469,4,109,2088,1,4.0,2.0
470,4,110,1992,1,3.0,1.0
471,4,111,2412,1,5.0,2.0
472,4,112,2200,1,3.0,0.0
473,4,113,3664,-1,2.0,5.0
474,4,114,9602,1,4.0,4.0
475,4,115,2676,-1,3.0,4.0
476,4,116,1788,1,0.0,0.0
477,4,117,1656,-1,0.0,4.0
478,4,118,1366,-1,1.0,2.0
479,4,119,3515,-1,3.0,3.0
480,5,0,5222,1,1.0,1.0
481,5,1,3005,1,5.0,1.0
482,5,2,4264,-1,1.0,1.0
483,5,3,3576,-1,4.0,5.0
484,5,4,4101,1,5.0,5.0
485,5,5,3769,-1,1.0,5.0
486,5,6,5630,-1,1.0,1.0
487,5,7,7975,1,4.0,1.0
488,5,8,3312,-1,1.0,5.0
489,5,9,6307,-1,1.0,2.0
490,5,10,2421,-1,1.0,5.0
491,5,11,3952,1,5.0,3.0
492,5,12,3593,-1,1.0,1.0
493,5,13,2755,1,5.0,1.0
494,5,14,2761,1,2.0,1.0
495,5,15,2862,-1,3.0,5.0
496,5,16,3387,1,1.0,1.0
497,5,17,7527,-1,4.0,5.0
498,5,18,2628,-1,1.0,1.0
499,5,19,2234,-1,1.0,1.0
500,5,20,7720,-1,4.0,5.0
501,5,21,2831,-1,1.0,5.0
502,5,22,9213,1,1.0,1.0
503,5,23,2965,-1,1.0,5.0
504,5,24,2774,1,1.0,1.0
505,5,25,5143,-1,1.0,1.0
506,5,26,2852,-1,1.0,5.0
507,5,27,4989,-1,1.0,4.0
508,5,28,3957,1,4.0,1.0
509,5,29,2622,-1,1.0,5.0
510,5,30,3354,1,5.0,1.0
511,5,31,1733,1,5.0,1.0
512,5,32,3966,-1,1.0,1.0
513,5,33,5645,-1,1.0,1.0
514,5,34,7195,-1,1.0,1.0
515,5,35,1676,1,5.0,1.0
516,5,36,1211,1,5.0,4.0
517,5,37,1440,1,1.0,1.0
518,5,38,3679,-1,1.0,2.0
519,5,39,2146,-1,1.0,1.0
520,5,40,2987,1,1.0,1.0
521,5,41,1400,1,1.0,1.0
522,5,42,1921,1,1.0,1.0
523,5,43,5268,-1,5.0,5.0
524,5,44,5303,-1,1.0,5.0
525,5,45,1447,1,5.0,1.0
526,5,46,1275,-1,1.0,4.0
527,5,47,2740,-1,1.0,2.0
528,5,48,1491,1,1.0,1.0
529,5,49,1521,-1,4.0,5.0
530,5,50,1373,-1,1.0,1.0
531,5,51,1781,1,4.0,1.0
532,5,52,2364,1,5.0,1.0
533,5,53,3183,1,5.0,4.0
534,5,54,2299,1,1.0,1.0
535,5,55,1407,1,5.0,1.0
536,5,56,1452,1,5.0,3.0
537,5,57,1164,-1,1.0,5.0
538,5,58,2983,1,3.0,1.0
539,5,59,1923,1,1.0,1.0
540,5,60,876,-1,1.0,5.0
541,5,61,2857,1,1.0,1.0
542,5,62,2844,1,1.0,1.0
543,5,63,2683,1,5.0,1.0
544,5,64,1196,1,1.0,1.0
545,5,65,1227,-1,1.0,1.0
546,5,66,1266,1,5.0,1.0
547,5,67,1336,1,5.0,1.0
548,5,68,2497,1,5.0,1.0
549,5,69,1481,1,5.0,1.0
550,5,70,2890,-1,3.0,1.0
551,5,71,1645,-1,1.0,5.0
552,5,72,1103,1,2.0,1.0
553,5,73,2478,1,1.0,1.0
554,5,74,1333,-1,1.0,5.0
555,5,75,1416,1,1.0,1.0
556,5,76,1183,-1,1.0,4.0
557,5,77,2441,-1,1.0,1.0
558,5,78,1500,-1,1.0,2.0
559,5,79,1450,-1,1.0,5.0
560,5,80,1562,-1,1.0,5.0
561,5,81,1767,-1,1.0,1.0
562,5,82,888,-1,1.0,5.0
563,5,83,1439,1,2.0,1.0
564,5,84,1676,1,5.0,1.0
565,5,85,1546,-1,3.0,5.0
566,5,86,1249,1,5.0,1.0
567,5,87,1145,1,5.0,1.0
568,5,88,1512,1,1.0,3.0
569,5,89,1367,-1,1.0,5.0
570,5,90,1522,1,5.0,1.0
571,5,91,1074,1,1.0,1.0
572,5,92,934,1,5.0,4.0
573,5,93,1556,-1,1.0,4.0
574,5,94,1114,-1,1.0,5.0
575,5,95,1621,-1,1.0,3.0
576,5,96,2184,-1,1.0,1.0
577,5,97,1325,1,4.0,1.0
578,5,98,1246,-1,1.0,1.0
579,5,99,1597,-1,1.0,1.0
580,5,100,2734,1,5.0,5.0
581,5,101,1054,-1,1.0,5.0
582,5,102,4260,1,2.0,1.0
583,5,103,1232,-1,1.0,1.0
584,5,104,1732,-1,1.0,1.0
585,5,105,843,-1,1.0,5.0
586,5,106,1250,1,1.0,1.0
587,5,107,1576,1,1.0,1.0
588,5,108,1219,-1,5.0,5.0
589,5,109,1461,-1,1.0,1.0
590,5,110,2581,-1,1.0,1.0
591,5,111,985,1,5.0,1.0
592,5,112,961,1,5.0,1.0
593,5,113,978,1,5.0,1.0
594,5,114,4419,-1,1.0,1.0
595,5,115,1302,-1,1.0,1.0
596,5,116,1153,1,1.0,1.0
597,5,117,1033,-1,1.0,5.0
598,5,118,957,1,5.0,4.0
599,5,119,1271,1,1.0,1.0
600,8,0,4573,-1,0.0,2.0
601,8,1,3339,-1,0.0,3.0
602,8,2,5410,1,5.0,0.0
603,8,3,10236,1,2.0,3.0
604,8,4,5784,-1,0.0,2.0
605,8,5,3272,1,5.0,0.0
606,8,6,2593,1,3.0,2.0
607,8,7,4628,1,5.0,2.0
608,8,8,2522,1,2.0,0.0
609,8,9,9605,-1,2.0,3.0
610,8,10,1583,1,0.0,5.0
611,8,11,5220,-1,3.0,5.0
612,8,12,7521,1,2.0,2.0
613,8,13,2083,-1,0.0,0.0
614,8,14,3647,-1,5.0,3.0
615,8,15,2790,-1,0.0,0.0
616,8,16,4538,-1,5.0,5.0
617,8,17,2889,-1,0.0,5.0
618,8,18,4539,1,0.0,3.0
619,8,19,2411,1,3.0,3.0
620,8,20,1791,-1,0.0,2.0
621,8,21,11451,-1,5.0,2.0
622,8,22,12467,-1,2.0,5.0
623,8,23,3323,-1,0.0,0.0
624,8,24,3139,-1,5.0,0.0
625,8,25,6585,-1,3.0,5.0
626,8,26,2175,1,5.0,0.0
627,8,27,9514,1,2.0,5.0
628,8,28,2883,1,5.0,5.0
629,8,29,6008,1,5.0,3.0
630,8,30,2064,1,5.0,0.0
631,8,31,2596,-1,5.0,2.0
632,8,32,7987,-1,5.0,5.0
633,8,33,3846,-1,3.0,5.0
634,8,34,4457,-1,0.0,5.0
635,8,35,2606,-1,0.0,3.0
636,8,36,2338,-1,0.0,2.0
637,8,37,9804,-1,2.0,3.0
638,8,38,4005,1,5.0,5.0
639,8,39,4239,1,3.0,0.0
640,8,40,2777,1,0.0,0.0
641,8,41,1763,-1,0.0,5.0
642,8,42,2346,-1,2.0,3.0
643,8,43,1407,1,2.0,0.0
644,8,44,1645,1,5.0,3.0
645,8,45,2029,1,2.0,0.0
646,8,46,1395,1,0.0,0.0
647,8,47,1998,-1,2.0,5.0
648,8,48,2131,1,3.0,2.0
649,8,49,2170,-1,0.0,2.0
650,8,50,2591,-1,5.0,5.0
651,8,51,2569,-1,0.0,5.0
652,8,52,2201,1,3.0,5.0
653,8,53,3203,-1,0.0,0.0
654,8,54,1679,1,3.0,5.0
655,8,55,11481,-1,3.0,2.0
656,8,56,2299,-1,5.0,2.0
657,8,57,4372,-1,0.0,5.0
658,8,58,3020,1,5.0,0.0
659,8,59,2617,-1,3.0,3.0
660,8,60,2997,1,5.0,3.0
661,8,61,3094,1,5.0,0.0
662,8,62,1646,1,5.0,5.0
663,8,63,2145,-1,0.0,0.0
664,8,64,1666,1,0.0,3.0
665,8,65,2162,1,5.0,2.0
666,8,66,4106,-1,5.0,5.0
667,8,67,3549,1,2.0,5.0
668,8,68,2059,1,5.0,5.0
669,8,69,1836,1,5.0,0.0
670,8,70,2797,-1,5.0,5.0
671,8,71,3814,1,2.0,0.0
672,8,72,1552,1,0.0,5.0
673,8,73,1761,1,5.0,3.0
674,8,74,1830,1,3.0,0.0
675,8,75,4063,-1,0.0,3.0
676,8,76,2243,1,2.0,5.0
677,8,77,2007,1,5.0,0.0
678,8,78,1930,1,2.0,2.0
679,8,79,1921,1,2.0,0.0
680,8,80,3888,1,0.0,5.0
681,8,81,2296,-1,2.0,2.0
682,8,82,2063,-1,5.0,5.0
683,8,83,1723,1,5.0,0.0
684,8,84,1541,-1,2.0,5.0
685,8,85,1576,-1,0.0,5.0
686,8,86,1790,1,3.0,0.0
687,8,87,1449,-1,3.0,2.0
688,8,88,2175,1,2.0,0.0
689,8,89,2671,-1,2.0,2.0
690,8,90,3138,-1,0.0,2.0
691,8,91,2577,1,5.0,5.0
692,8,92,1451,1,0.0,0.0
693,8,93,1971,1,3.0,2.0
694,8,94,1307,-1,3.0,3.0
695,8,95,2366,-1,0.0,3.0
696,8,96,2330,-1,5.0,3.0
697,8,97,2702,-1,0.0,0.0
698,8,98,1837,-1,0.0,5.0
699,8,99,2763,1,5.0,0.0
700,8,100,1789,-1,3.0,5.0
701,8,101,2434,1,3.0,3.0
702,8,102,2746,-1,5.0,2.0
703,8,103,1398,1,3.0,0.0
704,8,104,1415,-1,0.0,5.0
705,8,105,1682,-1,5.0,5.0
706,8,106,1284,1,5.0,0.0
707,8,107,2749,-1,3.0,0.0
708,8,108,1729,1,5.0,0.0
709,8,109,1498,1,5.0,5.0
710,8,110,1516,1,0.0,0.0
711,8,111,1479,-1,2.0,3.0
712,8,112,2344,1,5.0,3.0
713,8,113,1706,-1,0.0,5.0
714,8,114,1624,-1,3.0,5.0
715,8,115,1659,-1,0.0,2.0
716,8,116,1798,-1,5.0,5.0
717,8,117,1976,1,2.0,0.0
718,8,118,1669,-1,3.0,0.0
719,8,119,1403,-1,0.0,5.0
720,9,0,3077,1,1.0,1.0
721,9,1,2443,-1,0.0,5.0
722,9,2,3851,-1,1.0,0.0
723,9,3,1674,-1,0.0,4.0
724,9,4,4085,1,3.0,3.0
725,9,5,4310,1,1.0,1.0
726,9,6,2851,-1,4.0,0.0
727,9,7,6580,1,1.0,4.0
728,9,8,2112,-1,4.0,3.0
729,9,9,3459,1,4.0,4.0
730,9,10,2083,1,4.0,0.0
731,9,11,3810,-1,3.0,4.0
732,9,12,2582,-1,3.0,4.0
733,9,13,1965,1,1.0,3.0
734,9,14,2053,1,4.0,5.0
735,9,15,2075,-1,1.0,1.0
736,9,16,2327,-1,4.0,4.0
737,9,17,7299,-1,3.0,3.0
738,9,18,3499,1,1.0,3.0
739,9,19,2058,-1,0.0,5.0
740,9,20,2343,-1,3.0,1.0
741,9,21,3332,1,4.0,3.0
742,9,22,5118,1,4.0,1.0
743,9,23,5818,1,5.0,1.0
744,9,24,5480,1,1.0,4.0
745,9,25,2262,1,5.0,1.0
746,9,26,1885,1,3.0,0.0
747,9,27,4647,1,0.0,3.0
748,9,28,2795,1,0.0,3.0
749,9,29,2391,-1,3.0,3.0
750,9,30,2132,-1,1.0,3.0
751,9,31,1753,-1,1.0,4.0
752,9,32,1565,1,4.0,3.0
753,9,33,5829,-1,3.0,4.0
754,9,34,1473,1,4.0,4.0
755,9,35,2756,-1,4.0,5.0
756,9,36,9179,1,1.0,4.0
757,9,37,4856,1,4.0,3.0
758,9,38,4454,1,1.0,1.0
759,9,39,3803,-1,1.0,4.0
760,9,40,3112,1,1.0,1.0
761,9,41,1836,1,0.0,4.0
762,9,42,2887,-1,5.0,5.0
763,9,43,1906,1,5.0,4.0
764,9,44,2401,-1,1.0,4.0
765,9,45,3320,1,4.0,1.0
766,9,46,1803,-1,0.0,0.0
767,9,47,3124,1,1.0,1.0
768,9,48,2448,-1,1.0,5.0
769,9,49,2020,-1,3.0,0.0
770,9,50,2198,-1,3.0,3.0
771,9,51,4057,-1,0.0,1.0
772,9,52,1457,-1,0.0,0.0
773,9,53,2901,-1,5.0,4.0
774,9,54,1649,-1,3.0,4.0
775,9,55,1330,1,4.0,1.0
776,9,56,3243,1,1.0,3.0
777,9,57,3476,1,4.0,3.0
778,9,58,4326,1,4.0,4.0
779,9,59,1492,1,1.0,4.0
780,9,60,3291,1,4.0,0.0
781,9,61,1686,-1,3.0,1.0
782,9,62,1471,1,5.0,0.0
783,9,63,1613,-1,3.0,4.0
784,9,64,1615,1,0.0,1.0
785,9,65,2575,1,4.0,3.0
786,9,66,1202,-1,3.0,4.0
787,9,67,969,1,3.0,4.0
788,9,68,1993,1,3.0,3.0
789,9,69,3277,-1,1.0,5.0
790,9,70,1123,1,4.0,0.0
791,9,71,3412,1,4.0,1.0
792,9,72,1591,1,4.0,0.0
793,9,73,1052,-1,0.0,1.0
794,9,74,470,1,4.0,1.0
795,9,75,3046,1,4.0,3.0
796,9,76,5454,-1,4.0,5.0
797,9,77,1520,1,4.0,4.0
798,9,78,1898,-1,4.0,4.0
799,9,79,2551,1,3.0,1.0
800,9,80,1843,1,4.0,3.0
801,9,81,1358,1,5.0,5.0
802,9,82,2228,1,3.0,4.0
803,9,83,1717,-1,1.0,3.0
804,9,84,1157,1,5.0,0.0
805,9,85,1250,-1,0.0,4.0
806,9,86,1283,1,1.0,0.0
807,9,87,1389,1,4.0,0.0
808,9,88,1805,-1,3.0,4.0
809,9,89,1956,-1,0.0,3.0
810,9,90,2259,-1,1.0,1.0
811,9,91,1560,-1,0.0,4.0
812,9,92,974,-1,4.0,4.0
813,9,93,1270,1,4.0,4.0
814,9,94,1251,-1,0.0,4.0
815,9,95,1576,-1,1.0,5.0
816,9,96,1882,1,3.0,1.0
817,9,97,2316,1,5.0,4.0
818,9,98,884,-1,0.0,4.0
819,9,99,1595,-1,4.0,1.0
820,9,100,2383,-1,4.0,1.0
821,9,101,1810,1,3.0,3.0
822,9,102,1526,-1,4.0,4.0
823,9,103,2161,1,3.0,4.0
824,9,104,1758,-1,1.0,1.0
825,9,105,1407,-1,1.0,1.0
826,9,106,1908,1,4.0,3.0
827,9,107,3460,-1,1.0,4.0
828,9,108,1847,1,0.0,0.0
829,9,109,2685,-1,4.0,4.0
830,9,110,1692,1,1.0,0.0
831,9,111,1254,1,0.0,0.0
832,9,112,1621,-1,4.0,1.0
833,9,113,1366,-1,4.0,1.0
834,9,114,1707,-1,3.0,0.0
835,9,115,1089,1,4.0,3.0
836,9,116,1351,-1,3.0,1.0
837,9,117,2537,-1,1.0,1.0
838,9,118,1559,1,5.0,1.0
839,9,119,1358,-1,1.0,4.0
840,10,0,1836,-1,2.0,1.0
841,10,1,4858,-1,0.0,1.0
842,10,2,2161,-1,4.0,2.0
843,10,3,3118,1,2.0,0.0
844,10,4,3729,-1,0.0,0.0
845,10,5,4798,-1,2.0,5.0
846,10,6,2374,1,3.0,2.0
847,10,7,1682,-1,2.0,1.0
848,10,8,2076,1,2.0,2.0
849,10,9,2728,1,3.0,0.0
850,10,10,4007,-1,1.0,2.0
851,10,11,1498,-1,1.0,2.0
852,10,12,1177,-1,3.0,2.0
853,10,13,1643,1,3.0,1.0
854,10,14,4121,1,5.0,2.0
855,10,15,3232,-1,5.0,1.0
856,10,16,1724,1,2.0,2.0
857,10,17,3165,1,5.0,0.0
858,10,18,3505,-1,0.0,5.0
859,10,19,3333,-1,1.0,2.0
860,10,20,3004,-1,4.0,5.0
861,10,21,4601,1,2.0,0.0
862,10,22,4246,1,5.0,3.0
863,10,23,3601,-1,0.0,1.0
864,10,24,5343,-1,1.0,5.0
865,10,25,2599,1,5.0,3.0
866,10,26,3480,1,4.0,2.0
867,10,27,5000,-1,0.0,2.0
868,10,28,2194,1,1.0,3.0
869,10,29,5391,1,1.0,1.0
870,10,30,3898,1,1.0,1.0
871,10,31,2451,1,5.0,2.0
872,10,32,5186,1,5.0,5.0
873,10,33,2889,-1,1.0,2.0
874,10,34,2113,1,2.0,3.0
875,10,35,2534,-1,1.0,5.0
876,10,36,5470,-1,2.0,2.0
877,10,37,2991,-1,1.0,3.0
878,10,38,2434,1,1.0,4.0
879,10,39,2875,-1,5.0,5.0
880,10,40,2465,-1,1.0,2.0
881,10,41,2565,-1,2.0,4.0
882,10,42,3585,-1,0.0,2.0
883,10,43,3663,1,4.0,0.0
884,10,44,2049,1,2.0,2.0
885,10,45,4382,1,5.0,2.0
886,10,46,2886,-1,2.0,2.0
887,10,47,3060,-1,2.0,5.0
888,10,48,2653,-1,1.0,1.0
889,10,49,4411,-1,2.0,1.0
890,10,50,3190,1,2.0,3.0
891,10,51,2469,-1,3.0,1.0
892,10,52,2123,-1,2.0,5.0
893,10,53,2445,-1,2.0,1.0
894,10,54,1773,1,0.0,0.0
895,10,55,3000,-1,0.0,3.0
896,10,56,2686,-1,2.0,5.0
897,10,57,2367,-1,3.0,5.0
898,10,58,1749,1,3.0,1.0
899,10,59,3833,1,5.0,5.0
900,10,60,4784,-1,4.0,3.0
901,10,61,1730,1,4.0,1.0
902,10,62,1077,-1,1.0,3.0
903,10,63,3814,-1,2.0,4.0
904,10,64,3089,1,5.0,2.0
905,10,65,1654,1,3.0,5.0
906,10,66,2117,-1,2.0,2.0
907,10,67,2244,-1,0.0,5.0
908,10,68,3364,1,3.0,0.0
909,10,69,1949,1,1.0,2.0
910,10,70,2978,-1,2.0,2.0
911,10,71,1889,1,1.0,0.0
912,10,72,2417,-1,0.0,2.0
913,10,73,1857,1,2.0,1.0
914,10,74,1438,1,2.0,1.0
915,10,75,5863,1,1.0,5.0
916,10,76,1513,1,5.0,1.0
917,10,77,2101,1,1.0,0.0
918,10,78,2523,-1,2.0,5.0
919,10,79,2697,1,5.0,0.0
920,10,80,3219,-1,1.0,4.0
921,10,81,2174,-1,2.0,1.0
922,10,82,2025,-1,1.0,2.0
923,10,83,1955,-1,1.0,5.0
924,10,84,2076,1,5.0,0.0
925,10,85,1642,1,2.0,4.0
926,10,86,2148,1,5.0,2.0
927,10,87,2053,1,3.0,4.0
928,10,88,1541,1,5.0,1.0
929,10,89,2534,-1,5.0,5.0
930,10,90,1899,-1,2.0,2.0
931,10,91,2392,-1,0.0,3.0
932,10,92,3847,1,2.0,1.0
933,10,93,2619,-1,0.0,4.0
934,10,94,4180,1,4.0,2.0
935,10,95,1936,1,5.0,4.0
936,10,96,4482,1,2.0,1.0
937,10,97,1610,1,5.0,2.0
938,10,98,2171,-1,2.0,5.0
939,10,99,1962,-1,1.0,1.0
940,10,100,2607,1,1.0,0.0
941,10,101,2582,-1,1.0,2.0
942,10,102,2051,-1,5.0,1.0
943,10,103,1908,1,1.0,2.0
944,10,104,1922,1,2.0,2.0
945,10,105,2140,-1,4.0,1.0
946,10,106,3448,1,2.0,0.0
947,10,107,2372,1,1.0,2.0
948,10,108,2207,-1,2.0,2.0
949,10,109,2572,-1,5.0,3.0
950,10,110,1473,-1,2.0,2.0
951,10,111,4593,-1,0.0,5.0
952,10,112,1610,-1,2.0,3.0
953,10,113,3948,1,2.0,1.0
954,10,114,3397,1,2.0,2.0
955,10,115,2886,-1,0.0,1.0
956,10,116,2366,-1,3.0,5.0
957,10,117,1895,-1,3.0,2.0
958,10,118,5131,-1,2.0,5.0
959,10,119,3043,1,5.0,2.0
960,11,0,2507,-1,3.0,4.0
961,11,1,2134,-1,4.0,1.0
962,11,2,3104,1,4.0,4.0
963,11,3,2115,-1,0.0,5.0
964,11,4,2664,-1,3.0,5.0
965,11,5,3493,-1,1.0,0.0
966,11,6,2265,-1,3.0,1.0
967,11,7,1639,1,5.0,5.0
968,11,8,1956,1,1.0,1.0
969,11,9,3777,-1,1.0,3.0
970,11,10,2185,1,3.0,3.0
971,11,11,1818,1,5.0,0.0
972,11,12,2958,1,4.0,2.0
973,11,13,3672,1,3.0,2.0
974,11,14,3957,1,4.0,0.0
975,11,15,1934,-1,0.0,0.0
976,11,16,2024,1,1.0,5.0
977,11,17,5394,1,3.0,3.0
978,11,18,2211,-1,4.0,5.0
979,11,19,6702,-1,0.0,0.0
980,11,20,1694,1,5.0,4.0
981,11,21,2585,1,1.0,1.0
982,11,22,2005,-1,1.0,4.0
983,11,23,2527,-1,4.0,2.0
984,11,24,2909,1,0.0,3.0
985,11,25,6158,1,4.0,5.0
986,11,26,5470,-1,0.0,3.0
987,11,27,3018,1,0.0,4.0
988,11,28,2168,-1,4.0,1.0
989,11,29,1622,-1,1.0,3.0
990,11,30,2725,-1,4.0,4.0
991,11,31,3982,1,0.0,2.0
992,11,32,2130,-1,4.0,0.0
993,11,33,6062,1,3.0,5.0
994,11,34,2597,-1,5.0,0.0
995,11,35,3046,1,4.0,3.0
996,11,36,2818,1,4.0,4.0
997,11,37,4829,-1,1.0,5.0
998,11,38,2374,-1,0.0,5.0
999,11,39,10790,1,1.0,2.0
1000,11,40,2493,-1,5.0,0.0
1001,11,41,3783,-1,4.0,4.0
1002,11,42,2532,1,4.0,1.0
1003,11,43,3582,1,3.0,4.0
1004,11,44,1617,-1,2.0,2.0
1005,11,45,2199,-1,5.0,1.0
1006,11,46,4617,-1,3.0,4.0
1007,11,47,1591,1,4.0,3.0
1008,11,48,1837,1,0.0,4.0
1009,11,49,3655,-1,4.0,3.0
1010,11,50,2680,-1,0.0,5.0
1011,11,51,2675,1,0.0,4.0
1012,11,52,1895,1,5.0,3.0
1013,11,53,3099,-1,4.0,3.0
1014,11,54,5649,-1,1.0,1.0
1015,11,55,1249,1,5.0,0.0
1016,11,56,1810,-1,5.0,5.0
1017,11,57,2423,-1,5.0,3.0
1018,11,58,1467,1,5.0,4.0
1019,11,59,1796,1,1.0,0.0
1020,11,60,2933,1,0.0,1.0
1021,11,61,1836,1,2.0,4.0
1022,11,62,5354,1,1.0,5.0
1023,11,63,3919,1,4.0,5.0
1024,11,64,1549,-1,2.0,3.0
1025,11,65,3875,1,5.0,3.0
1026,11,66,2389,-1,2.0,0.0
1027,11,67,2133,-1,0.0,4.0
1028,11,68,2735,-1,1.0,1.0
1029,11,69,1089,-1,4.0,0.0
1030,11,70,1859,1,0.0,5.0
1031,11,71,2137,1,0.0,0.0
1032,11,72,1893,1,0.0,1.0
1033,11,73,2049,-1,0.0,0.0
1034,11,74,1959,1,1.0,3.0
1035,11,75,2156,-1,0.0,5.0
1036,11,76,3751,-1,4.0,5.0
1037,11,77,3011,1,0.0,0.0
1038,11,78,3907,1,4.0,2.0
1039,11,79,3688,1,3.0,0.0
1040,11,80,2351,-1,5.0,3.0
1041,11,81,1648,1,0.0,0.0
1042,11,82,1913,1,5.0,0.0
1043,11,83,1880,-1,3.0,0.0
1044,11,84,8454,1,2.0,4.0
1045,11,85,1583,1,1.0,4.0
1046,11,86,3631,1,5.0,4.0
1047,11,87,2197,-1,4.0,0.0
1048,11,88,2222,-1,1.0,4.0
1049,11,89,1789,1,0.0,5.0
1050,11,90,3738,-1,0.0,3.0
1051,11,91,2183,1,5.0,0.0
1052,11,92,2075,-1,1.0,0.0
1053,11,93,1883,-1,4.0,5.0
1054,11,94,1403,1,3.0,1.0
1055,11,95,2909,-1,0.0,4.0
1056,11,96,1189,-1,4.0,4.0
1057,11,97,1220,1,1.0,1.0
1058,11,98,1507,1,1.0,4.0
1059,11,99,1428,1,3.0,4.0
1060,11,100,1689,1,3.0,4.0
1061,11,101,2218,-1,3.0,5.0
1062,11,102,4202,1,3.0,1.0
1063,11,103,2067,-1,3.0,3.0
1064,11,104,7225,-1,5.0,4.0
1065,11,105,2522,-1,5.0,1.0
1066,11,106,2408,-1,0.0,1.0
1067,11,107,1628,1,2.0,2.0
1068,11,108,2775,-1,1.0,1.0
1069,11,109,2350,-1,5.0,4.0
1070,11,110,1686,1,3.0,0.0
1071,11,111,3420,-1,4.0,3.0
1072,11,112,6061,-1,3.0,5.0
1073,11,113,2435,-1,3.0,3.0
1074,11,114,3465,1,2.0,4.0
1075,11,115,2452,-1,5.0,1.0
1076,11,116,1619,1,4.0,1.0
1077,11,117,4774,-1,4.0,0.0
1078,11,118,4797,1,2.0,1.0
1079,11,119,2442,1,4.0,4.0
1080,12,0,3814,1,4.0,1.0
1081,12,1,3772,-1,1.0,0.0
1082,12,2,2437,1,2.0,1.0
1083,12,3,4887,-1,1.0,0.0
1084,12,4,2871,1,3.0,2.0
1085,12,5,3340,1,0.0,0.0
1086,12,6,2786,-1,0.0,2.0
1087,12,7,2839,-1,2.0,5.0
1088,12,8,1985,-1,1.0,5.0
1089,12,9,2034,-1,2.0,3.0
1090,12,10,2185,-1,2.0,5.0
1091,12,11,5349,-1,1.0,2.0
1092,12,12,2601,-1,2.0,4.0
1093,12,13,3060,-1,4.0,5.0
1094,12,14,3909,1,5.0,2.0
1095,12,15,3604,1,5.0,2.0
1096,12,16,3990,1,2.0,2.0
1097,12,17,2063,1,4.0,1.0
1098,12,18,5749,-1,2.0,2.0
1099,12,19,2127,1,2.0,2.0
1100,12,20,1975,1,2.0,1.0
1101,12,21,5517,1,5.0,4.0
1102,12,22,1876,1,5.0,3.0
1103,12,23,1907,-1,0.0,2.0
1104,12,24,1914,1,3.0,0.0
1105,12,25,1945,-1,5.0,5.0
1106,12,26,1899,1,2.0,0.0
1107,12,27,2048,-1,2.0,5.0
1108,12,28,1536,-1,0.0,2.0
1109,12,29,1781,1,5.0,0.0
1110,12,30,1413,1,2.0,1.0
1111,12,31,2923,-1,1.0,3.0
1112,12,32,6754,1,3.0,2.0
1113,12,33,1704,-1,0.0,1.0
1114,12,34,5374,1,5.0,2.0
1115,12,35,5338,1,5.0,2.0
1116,12,36,5539,-1,2.0,2.0
1117,12,37,1817,-1,0.0,2.0
1118,12,38,2192,-1,1.0,2.0
1119,12,39,2392,-1,2.0,2.0
1120,12,40,3952,1,4.0,5.0
1121,12,41,1624,-1,3.0,2.0
1122,12,42,1675,-1,3.0,2.0
1123,12,43,1420,1,0.0,5.0
1124,12,44,2088,-1,2.0,0.0
1125,12,45,1738,-1,2.0,0.0
1126,12,46,2548,-1,5.0,5.0
1127,12,47,3065,-1,4.0,3.0
1128,12,48,1321,1,2.0,2.0
1129,12,49,1476,1,0.0,5.0
1130,12,50,1372,1,1.0,2.0
1131,12,51,2000,-1,5.0,2.0
1132,12,52,1298,-1,2.0,0.0
1133,12,53,1903,-1,5.0,2.0
1134,12,54,1905,1,0.0,5.0
1135,12,55,1804,1,2.0,3.0
1136,12,56,1796,-1,2.0,1.0
1137,12,57,1958,1,0.0,2.0
1138,12,58,1995,-1,2.0,2.0
1139,12,59,1938,-1,0.0,1.0
1140,12,60,1798,1,1.0,4.0
1141,12,61,1395,1,0.0,0.0
1142,12,62,1415,1,0.0,5.0
1143,12,63,2794,1,2.0,5.0
1144,12,64,677,-1,1.0,2.0
1145,12,65,2103,1,2.0,5.0
1146,12,66,1777,-1,2.0,1.0
1147,12,67,6047,-1,2.0,1.0
1148,12,68,2316,1,2.0,3.0
1149,12,69,2108,-1,4.0,2.0
1150,12,70,2569,-1,4.0,2.0
1151,12,71,2056,-1,2.0,2.0
1152,12,72,1548,1,3.0,5.0
1153,12,73,1501,1,0.0,0.0
1154,12,74,1038,-1,2.0,0.0
1155,12,75,1620,1,2.0,5.0
1156,12,76,2522,-1,2.0,2.0
1157,12,77,1519,-1,2.0,0.0
1158,12,78,4272,1,2.0,3.0
1159,12,79,1132,-1,5.0,2.0
1160,12,80,2341,1,5.0,5.0
1161,12,81,1387,1,5.0,0.0
1162,12,82,3092,-1,0.0,3.0
1163,12,83,2529,-1,2.0,2.0
1164,12,84,1431,-1,0.0,2.0
1165,12,85,1272,1,1.0,0.0
1166,12,86,1545,1,5.0,0.0
1167,12,87,2115,-1,2.0,5.0
1168,12,88,1489,1,5.0,0.0
1169,12,89,2337,-1,1.0,4.0
1170,12,90,5734,1,0.0,2.0
1171,12,91,1360,1,2.0,1.0
1172,12,92,1586,1,3.0,1.0
1173,12,93,1674,-1,1.0,2.0
1174,12,94,1752,-1,0.0,5.0
1175,12,95,1820,-1,2.0,5.0
1176,12,96,1977,1,0.0,0.0
1177,12,97,1517,1,3.0,2.0
1178,12,98,1998,-1,5.0,5.0
1179,12,99,2126,-1,1.0,2.0
1180,12,100,1709,-1,2.0,5.0
1181,12,101,2013,-1,2.0,3.0
1182,12,102,2873,1,2.0,1.0
1183,12,103,5345,-1,0.0,1.0
1184,12,104,1652,1,5.0,2.0
1185,12,105,1959,-1,1.0,2.0
1186,12,106,1481,-1,2.0,4.0
1187,12,107,1497,1,5.0,0.0
1188,12,108,2102,1,3.0,2.0
1189,12,109,1171,1,5.0,1.0
1190,12,110,1670,-1,1.0,4.0
1191,12,111,1854,-1,2.0,2.0
1192,12,112,1275,1,4.0,1.0
1193,12,113,3400,1,5.0,2.0
1194,12,114,6826,1,5.0,4.0
1195,12,115,3907,-1,3.0,4.0
1196,12,116,1393,1,2.0,0.0
1197,12,117,3952,1,2.0,2.0
1198,12,118,1515,-1,2.0,3.0
1199,12,119,1843,-1,1.0,2.0
1200,13,0,2956,-1,0.0,1.0
1201,13,1,2454,1,4.0,2.0
1202,13,2,3689,1,2.0,0.0
1203,13,3,3204,-1,3.0,3.0
1204,13,4,2595,-1,5.0,4.0
1205,13,5,2382,1,3.0,0.0
1206,13,6,3263,-1,3.0,3.0
1207,13,7,2722,1,2.0,5.0
1208,13,8,4175,1,4.0,0.0
1209,13,9,5743,1,0.0,0.0
1210,13,10,3413,1,3.0,5.0
1211,13,11,2708,1,1.0,1.0
1212,13,12,3229,-1,0.0,5.0
1213,13,13,2054,1,3.0,0.0
1214,13,14,2506,1,2.0,2.0
1215,13,15,4890,1,3.0,1.0
1216,13,16,3795,-1,3.0,3.0
1217,13,17,2899,-1,3.0,2.0
1218,13,18,3657,-1,4.0,5.0
1219,13,19,2598,1,4.0,3.0
1220,13,20,6073,-1,3.0,0.0
1221,13,21,5231,-1,1.0,5.0
1222,13,22,2200,1,3.0,4.0
1223,13,23,4621,1,1.0,4.0
1224,13,24,1960,-1,3.0,4.0
1225,13,25,7929,1,4.0,4.0
1226,13,26,2436,-1,2.0,5.0
1227,13,27,2712,-1,0.0,4.0
1228,13,28,4729,-1,4.0,3.0
1229,13,29,5774,1,1.0,1.0
1230,13,30,2578,-1,3.0,3.0
1231,13,31,3228,-1,2.0,3.0
1232,13,32,2676,-1,3.0,1.0
1233,13,33,5374,-1,5.0,4.0
1234,13,34,2111,-1,0.0,3.0
1235,13,35,4374,-1,3.0,5.0
1236,13,36,2281,1,4.0,3.0
1237,13,37,2216,-1,4.0,2.0
1238,13,38,3987,1,0.0,4.0
1239,13,39,938,-1,4.0,3.0
1240,13,40,3506,-1,0.0,3.0
1241,13,41,3359,1,3.0,2.0
1242,13,42,1600,1,4.0,4.0
1243,13,43,1479,-1,0.0,3.0
1244,13,44,2993,-1,3.0,3.0
1245,13,45,1505,-1,5.0,0.0
1246,13,46,1567,1,0.0,5.0
1247,13,47,3992,1,4.0,1.0
1248,13,48,2794,-1,1.0,4.0
1249,13,49,1367,-1,0.0,0.0
1250,13,50,2336,-1,4.0,4.0
1251,13,51,1558,1,3.0,3.0
1252,13,52,1423,-1,3.0,4.0
1253,13,53,4600,1,3.0,4.0
1254,13,54,2577,-1,2.0,4.0
1255,13,55,1729,1,4.0,0.0
1256,13,56,2359,-1,4.0,0.0
1257,13,57,4380,-1,3.0,2.0
1258,13,58,3733,-1,1.0,3.0
1259,13,59,2880,-1,2.0,0.0
1260,13,60,1793,1,5.0,3.0
1261,13,61,4008,-1,1.0,2.0
1262,13,62,2158,-1,2.0,3.0
1263,13,63,1844,1,3.0,4.0
1264,13,64,2946,1,5.0,1.0
1265,13,65,5357,1,4.0,3.0
1266,13,66,2331,1,2.0,4.0
1267,13,67,2172,-1,0.0,2.0
1268,13,68,3082,1,5.0,3.0
1269,13,69,3827,1,4.0,0.0
1270,13,70,4098,1,4.0,4.0
1271,13,71,2352,1,2.0,3.0
1272,13,72,3917,-1,0.0,3.0
1273,13,73,3000,1,0.0,2.0
1274,13,74,1635,1,5.0,2.0
1275,13,75,1775,-1,2.0,5.0
1276,13,76,2295,1,3.0,0.0
1277,13,77,3827,1,5.0,3.0
1278,13,78,2962,1,2.0,3.0
1279,13,79,1977,-1,3.0,2.0
1280,13,80,3624,-1,3.0,0.0
1281,13,81,2872,1,4.0,5.0
1282,13,82,1663,1,4.0,1.0
1283,13,83,2138,1,5.0,0.0
1284,13,84,3166,1,4.0,1.0
1285,13,85,2659,-1,2.0,3.0
1286,13,86,1862,1,4.0,3.0
1287,13,87,2777,1,1.0,0.0
1288,13,88,4617,1,5.0,4.0
1289,13,89,3374,-1,3.0,3.0
1290,13,90,2568,-1,2.0,2.0
1291,13,91,2761,1,2.0,0.0
1292,13,92,3259,1,3.0,4.0
1293,13,93,2754,-1,4.0,3.0
1294,13,94,2407,-1,0.0,3.0
1295,13,95,4312,1,2.0,1.0
1296,13,96,3624,-1,2.0,4.0
1297,13,97,3939,-1,0.0,2.0
1298,13,98,2407,1,1.0,1.0
1299,13,99,1780,-1,0.0,4.0
1300,13,100,2525,-1,4.0,4.0
1301,13,101,1833,-1,3.0,4.0
1302,13,102,3869,-1,4.0,4.0
1303,13,103,1386,-1,0.0,3.0
1304,13,104,2312,1,3.0,5.0
1305,13,105,2880,1,5.0,2.0
1306,13,106,2177,1,2.0,3.0
1307,13,107,3649,1,3.0,3.0
1308,13,108,1952,1,4.0,2.0
1309,13,109,3193,1,1.0,4.0
1310,13,110,2475,-1,0.0,4.0
1311,13,111,2149,1,3.0,3.0
1312,13,112,1594,-1,1.0,1.0
1313,13,113,2011,1,1.0,3.0
1314,13,114,1903,1,3.0,0.0
1315,13,115,2093,-1,3.0,2.0
1316,13,116,1776,1,3.0,3.0
1317,13,117,2006,1,4.0,5.0
1318,13,118,3972,1,3.0,2.0
1319,13,119,2425,-1,5.0,2.0
1320,14,0,1693,-1,1.0,2.0
1321,14,1,3529,-1,4.0,5.0
1322,14,2,3619,1,2.0,2.0
1323,14,3,4619,-1,4.0,2.0
1324,14,4,2557,-1,2.0,1.0
1325,14,5,2870,1,4.0,2.0
1326,14,6,2978,1,2.0,3.0
1327,14,7,4036,1,2.0,1.0
1328,14,8,2904,1,2.0,1.0
1329,14,9,4174,-1,3.0,5.0
1330,14,10,3539,1,4.0,2.0
1331,14,11,1795,1,2.0,3.0
1332,14,12,5726,-1,5.0,5.0
1333,14,13,5765,-1,2.0,2.0
1334,14,14,1930,-1,1.0,5.0
1335,14,15,3574,1,5.0,2.0
1336,14,16,2206,1,4.0,3.0
1337,14,17,1649,1,2.0,3.0
1338,14,18,5114,-1,2.0,2.0
1339,14,19,2477,-1,2.0,2.0
1340,14,20,1941,-1,1.0,1.0
1341,14,21,2183,1,1.0,1.0
1342,14,22,2862,-1,1.0,1.0
1343,14,23,3906,-1,2.0,2.0
1344,14,24,2611,-1,1.0,2.0
1345,14,25,3938,-1,1.0,4.0
1346,14,26,1922,-1,0.0,4.0
1347,14,27,2064,-1,1.0,1.0
1348,14,28,1826,1,2.0,1.0
1349,14,29,1756,1,2.0,1.0
1350,14,30,3119,1,5.0,1.0
1351,14,31,1499,1,1.0,0.0
1352,14,32,2139,1,2.0,1.0
1353,14,33,4705,-1,2.0,5.0
1354,14,34,8860,1,4.0,1.0
1355,14,35,4205,1,1.0,1.0
1356,14,36,2712,1,5.0,2.0
1357,14,37,2958,1,1.0,1.0
1358,14,38,2525,-1,2.0,5.0
1359,14,39,1843,1,5.0,1.0
1360,14,40,3632,-1,2.0,5.0
1361,14,41,6941,1,2.0,1.0
1362,14,42,2011,1,2.0,1.0
1363,14,43,1769,1,1.0,0.0
1364,14,44,2308,-1,1.0,4.0
1365,14,45,3892,1,2.0,2.0
1366,14,46,2113,1,4.0,1.0
1367,14,47,2016,-1,1.0,5.0
1368,14,48,4951,-1,4.0,5.0
1369,14,49,1684,-1,3.0,4.0
1370,14,50,2001,-1,1.0,5.0
1371,14,51,1248,-1,1.0,1.0
1372,14,52,5374,-1,2.0,5.0
1373,14,53,1743,-1,1.0,2.0
1374,14,54,1945,1,2.0,1.0
1375,14,55,1487,-1,0.0,1.0
1376,14,56,2217,-1,2.0,2.0
1377,14,57,4695,-1,4.0,5.0
1378,14,58,2110,1,5.0,2.0
1379,14,59,2154,-1,1.0,2.0
1380,14,60,1943,1,4.0,1.0
1381,14,61,2061,-1,1.0,1.0
1382,14,62,1499,1,4.0,0.0
1383,14,63,2608,-1,2.0,2.0
1384,14,64,1623,1,2.0,2.0
1385,14,65,2166,-1,2.0,5.0
1386,14,66,1357,-1,1.0,2.0
1387,14,67,1993,1,1.0,1.0
1388,14,68,4362,1,2.0,1.0
1389,14,69,5219,1,2.0,4.0
1390,14,70,3413,-1,3.0,2.0
1391,14,71,1948,-1,0.0,5.0
1392,14,72,2161,-1,2.0,5.0
1393,14,73,3073,1,1.0,4.0
1394,14,74,1729,-1,2.0,4.0
1395,14,75,1759,-1,2.0,4.0
1396,14,76,1803,1,5.0,1.0
1397,14,77,1900,1,5.0,4.0
1398,14,78,3305,1,1.0,2.0
1399,14,79,1989,1,2.0,1.0
1400,14,80,2344,1,4.0,2.0
1401,14,81,1725,1,2.0,1.0
1402,14,82,1856,-1,2.0,5.0
1403,14,83,3411,-1,5.0,2.0
1404,14,84,2067,1,2.0,3.0
1405,14,85,2129,-1,2.0,2.0
1406,14,86,1049,-1,1.0,4.0
1407,14,87,2041,1,2.0,2.0
1408,14,88,1292,-1,3.0,2.0
1409,14,89,2487,-1,5.0,4.0
1410,14,90,1552,-1,2.0,1.0
1411,14,91,1845,-1,1.0,2.0
1412,14,92,3187,1,3.0,2.0
1413,14,93,3557,-1,1.0,5.0
1414,14,94,2602,-1,1.0,2.0
1415,14,95,1066,-1,1.0,2.0
1416,14,96,1805,1,1.0,1.0
1417,14,97,3007,-1,5.0,1.0
1418,14,98,2244,-1,5.0,5.0
1419,14,99,1962,1,5.0,0.0
1420,14,100,2514,-1,1.0,2.0
1421,14,101,2807,1,2.0,2.0
1422,14,102,1584,-1,0.0,1.0
1423,14,103,2683,1,5.0,2.0
1424,14,104,2122,1,1.0,2.0
1425,14,105,2227,-1,5.0,2.0
1426,14,106,2900,-1,2.0,4.0
1427,14,107,2616,1,5.0,3.0
1428,14,108,2494,-1,1.0,1.0
1429,14,109,1692,1,5.0,2.0
1430,14,110,3233,-1,4.0,1.0
1431,14,111,2537,1,4.0,1.0
1432,14,112,2545,-1,1.0,1.0
1433,14,113,1535,-1,1.0,2.0
1434,14,114,2267,1,2.0,2.0
1435,14,115,1963,-1,1.0,4.0
1436,14,116,1907,1,2.0,2.0
1437,14,117,1731,1,5.0,4.0
1438,14,118,3364,-1,3.0,2.0
1439,14,119,2139,-1,1.0,2.0
1440,15,0,5231,-1,2.0,5.0
1441,15,1,4462,-1,1.0,3.0
1442,15,2,3251,-1,2.0,2.0
1443,15,3,2989,1,1.0,1.0
1444,15,4,1436,-1,4.0,4.0
1445,15,5,2317,-1,4.0,1.0
1446,15,6,4848,-1,2.0,2.0
1447,15,7,3389,1,2.0,0.0
1448,15,8,3074,-1,0.0,1.0
1449,15,9,3791,1,4.0,1.0
1450,15,10,3028,-1,1.0,0.0
1451,15,11,3044,-1,0.0,2.0
1452,15,12,2738,-1,5.0,1.0
1453,15,13,1892,1,1.0,4.0
1454,15,14,1817,1,0.0,4.0
1455,15,15,1916,1,2.0,0.0
1456,15,16,1676,-1,4.0,0.0
1457,15,17,2460,1,5.0,4.0
1458,15,18,2758,1,2.0,4.0
1459,15,19,1924,-1,0.0,1.0
1460,15,20,3399,1,4.0,3.0
1461,15,21,2055,1,1.0,2.0
1462,15,22,2383,-1,2.0,1.0
1463,15,23,2015,1,2.0,0.0
1464,15,24,3407,1,1.0,1.0
1465,15,25,2199,1,3.0,1.0
1466,15,26,3073,-1,3.0,3.0
1467,15,27,2721,-1,1.0,5.0
1468,15,28,2562,-1,2.0,5.0
1469,15,29,2099,-1,3.0,2.0
1470,15,30,2332,1,2.0,1.0
1471,15,31,3103,-1,4.0,2.0
1472,15,32,3074,1,5.0,2.0
1473,15,33,3804,-1,4.0,5.0
1474,15,34,1685,-1,1.0,2.0
1475,15,35,747,-1,2.0,4.0
1476,15,36,4899,-1,3.0,0.0
1477,15,37,3078,-1,1.0,2.0
1478,15,38,4006,1,2.0,2.0
1479,15,39,4284,-1,3.0,2.0
1480,15,40,4664,1,1.0,2.0
1481,15,41,2502,1,2.0,1.0
1482,15,42,4981,-1,2.0,5.0
1483,15,43,1723,1,0.0,2.0
1484,15,44,2724,-1,1.0,0.0
1485,15,45,2253,1,4.0,3.0
1486,15,46,1817,-1,2.0,4.0
1487,15,47,1894,1,5.0,5.0
1488,15,48,2026,1,2.0,2.0
1489,15,49,5165,1,2.0,2.0
1490,15,50,4468,-1,3.0,2.0
1491,15,51,2687,-1,4.0,2.0
1492,15,52,1845,1,0.0,2.0
1493,15,53,5522,1,1.0,1.0
1494,15,54,4278,-1,2.0,2.0
1495,15,55,2623,-1,1.0,2.0
1496,15,56,2588,1,5.0,0.0
1497,15,57,2581,1,2.0,2.0
1498,15,58,1601,-1,4.0,4.0
1499,15,59,2664,-1,3.0,2.0
1500,15,60,3320,1,2.0,3.0
1501,15,61,2356,1,5.0,2.0
1502,15,62,3163,-1,3.0,1.0
1503,15,63,2523,-1,4.0,0.0
1504,15,64,1712,-1,1.0,4.0
1505,15,65,3851,-1,4.0,0.0
1506,15,66,3017,-1,1.0,1.0
1507,15,67,11705,-1,2.0,2.0
1508,15,68,1701,-1,0.0,2.0
1509,15,69,4700,-1,0.0,4.0
1510,15,70,2951,1,2.0,1.0
1511,15,71,3977,-1,3.0,4.0
1512,15,72,4255,1,1.0,5.0
1513,15,73,2853,1,5.0,2.0
1514,15,74,3495,1,1.0,3.0
1515,15,75,2910,1,5.0,2.0
1516,15,76,2451,1,2.0,3.0
1517,15,77,1703,1,1.0,2.0
1518,15,78,1608,1,0.0,3.0
1519,15,79,1497,-1,2.0,0.0
1520,15,80,3094,-1,2.0,1.0
1521,15,81,3902,-1,2.0,2.0
1522,15,82,1409,-1,4.0,1.0
1523,15,83,1559,1,1.0,4.0
1524,15,84,1477,-1,2.0,5.0
1525,15,85,3069,1,3.0,1.0
1526,15,86,2134,1,2.0,3.0
1527,15,87,2817,-1,2.0,5.0
1528,15,88,2134,1,3.0,3.0
1529,15,89,1617,1,1.0,0.0
1530,15,90,1461,-1,5.0,2.0
1531,15,91,2339,1,4.0,1.0
1532,15,92,5991,-1,2.0,2.0
1533,15,93,2199,1,2.0,0.0
1534,15,94,2462,1,4.0,5.0
1535,15,95,1067,-1,5.0,5.0
1536,15,96,10287,-1,2.0,5.0
1537,15,97,1925,1,0.0,1.0
1538,15,98,1135,-1,5.0,2.0
1539,15,99,3665,-1,2.0,1.0
1540,15,100,3337,-1,0.0,2.0
1541,15,101,1621,1,2.0,3.0
1542,15,102,4467,-1,2.0,2.0
1543,15,103,1513,-1,1.0,2.0
1544,15,104,2373,1,3.0,4.0
1545,15,105,1853,1,2.0,1.0
1546,15,106,1472,1,1.0,4.0
1547,15,107,6250,1,5.0,1.0
1548,15,108,2147,1,4.0,2.0
1549,15,109,2173,1,2.0,2.0
1550,15,110,1871,-1,1.0,5.0
1551,15,111,2146,-1,0.0,2.0
1552,15,112,3778,-1,0.0,4.0
1553,15,113,1974,1,5.0,1.0
1554,15,114,1914,1,2.0,2.0
1555,15,115,3997,1,2.0,0.0
1556,15,116,1766,1,5.0,4.0
1557,15,117,11609,-1,0.0,5.0
1558,15,118,1188,-1,2.0,2.0
1559,15,119,1682,1,1.0,3.0
1560,16,0,2075,1,4.0,0.0
1561,16,1,7535,1,4.0,2.0
1562,16,2,4586,-1,3.0,4.0
1563,16,3,8661,-1,5.0,5.0
1564,16,4,3957,-1,1.0,5.0
1565,16,5,9202,-1,0.0,4.0
1566,16,6,2922,1,0.0,0.0
1567,16,7,5625,1,4.0,1.0
1568,16,8,4227,1,5.0,0.0
1569,16,9,2575,-1,0.0,5.0
1570,16,10,1625,-1,0.0,1.0
1571,16,11,2323,1,1.0,0.0
1572,16,12,2629,1,5.0,2.0
1573,16,13,5584,-1,4.0,3.0
1574,16,14,1722,-1,0.0,3.0
1575,16,15,4294,-1,1.0,3.0
1576,16,16,3248,1,4.0,1.0
1577,16,17,16464,-1,5.0,4.0
1578,16,18,2965,1,2.0,2.0
1579,16,19,11012,-1,5.0,4.0
1580,16,20,2685,1,1.0,0.0
1581,16,21,2143,-1,0.0,4.0
1582,16,22,3143,1,5.0,3.0
1583,16,23,6030,-1,1.0,2.0
1584,16,24,8023,1,0.0,5.0
1585,16,25,4240,1,5.0,2.0
1586,16,26,10859,1,4.0,1.0
1587,16,27,3170,1,4.0,1.0
1588,16,28,8323,-1,4.0,4.0
1589,16,29,2384,1,1.0,1.0
1590,16,30,5240,1,4.0,3.0
1591,16,31,3112,-1,3.0,1.0
1592,16,32,1838,1,1.0,0.0
1593,16,33,1973,1,4.0,2.0
1594,16,34,1872,1,2.0,0.0
1595,16,35,1676,-1,1.0,5.0
1596,16,36,9760,1,1.0,5.0
1597,16,37,2523,-1,0.0,2.0
1598,16,38,5853,1,1.0,1.0
1599,16,39,9577,-1,5.0,5.0
1600,16,40,5493,1,4.0,5.0
1601,16,41,1823,-1,0.0,5.0
1602,16,42,1629,-1,0.0,5.0
1603,16,43,1205,1,1.0,0.0
1604,16,44,2014,1,5.0,5.0
1605,16,45,3254,-1,1.0,3.0
1606,16,46,1280,-1,1.0,1.0
1607,16,47,1452,-1,3.0,5.0
1608,16,48,1188,-1,0.0,2.0
1609,16,49,1774,-1,0.0,1.0
1610,16,50,1562,-1,0.0,5.0
1611,16,51,2817,1,3.0,2.0
1612,16,52,1970,-1,4.0,5.0
1613,16,53,2120,-1,2.0,4.0
1614,16,54,7061,-1,3.0,4.0
1615,16,55,1895,1,5.0,1.0
1616,16,56,2393,-1,2.0,5.0
1617,16,57,2211,1,2.0,1.0
1618,16,58,2508,-1,0.0,0.0
1619,16,59,2824,-1,3.0,4.0
1620,16,60,1679,1,0.0,2.0
1621,16,61,1131,1,3.0,0.0
1622,16,62,2595,1,5.0,3.0
1623,16,63,3503,-1,5.0,1.0
1624,16,64,1536,-1,0.0,5.0
1625,16,65,2417,1,3.0,1.0
1626,16,66,2395,-1,2.0,5.0
1627,16,67,1125,1,4.0,0.0
1628,16,68,2151,1,1.0,3.0
1629,16,69,1352,-1,0.0,4.0
1630,16,70,8065,1,4.0,4.0
1631,16,71,2867,1,1.0,2.0
1632,16,72,8247,1,1.0,4.0
1633,16,73,2116,-1,0.0,0.0
1634,16,74,1469,1,5.0,1.0
1635,16,75,1653,-1,0.0,1.0
1636,16,76,1432,1,5.0,0.0
1637,16,77,3820,-1,5.0,4.0
1638,16,78,9054,1,3.0,0.0
1639,16,79,4429,1,5.0,2.0
1640,16,80,2832,-1,2.0,5.0
1641,16,81,3220,1,4.0,3.0
1642,16,82,1810,1,5.0,0.0
1643,16,83,1595,-1,0.0,1.0
1644,16,84,1619,-1,5.0,4.0
1645,16,85,1387,1,0.0,0.0
1646,16,86,2547,1,5.0,0.0
1647,16,87,5361,1,4.0,2.0
1648,16,88,2328,1,2.0,0.0
1649,16,89,2485,-1,5.0,0.0
1650,16,90,3548,1,5.0,5.0
1651,16,91,1978,-1,1.0,4.0
1652,16,92,1167,-1,2.0,4.0
1653,16,93,1476,-1,2.0,0.0
1654,16,94,1537,-1,0.0,3.0
1655,16,95,1131,-1,2.0,2.0
1656,16,96,2759,1,4.0,3.0
1657,16,97,2331,1,4.0,0.0
1658,16,98,1456,1,1.0,0.0
1659,16,99,1325,-1,2.0,3.0
1660,16,100,2046,-1,1.0,1.0
1661,16,101,2027,-1,2.0,1.0
1662,16,102,2086,1,3.0,4.0
1663,16,103,1395,1,4.0,0.0
1664,16,104,4194,-1,4.0,5.0
1665,16,105,1504,-1,2.0,5.0
1666,16,106,2114,1,5.0,4.0
1667,16,107,7989,-1,4.0,5.0
1668,16,108,1435,-1,1.0,4.0
1669,16,109,2070,-1,2.0,4.0
1670,16,110,6107,-1,3.0,5.0
1671,16,111,3078,-1,1.0,4.0
1672,16,112,6019,1,2.0,1.0
1673,16,113,1448,-1,0.0,4.0
1674,16,114,1003,-1,0.0,1.0
1675,16,115,3646,1,1.0,2.0
1676,16,116,2271,1,5.0,2.0
1677,16,117,4375,1,4.0,5.0
1678,16,118,2502,1,3.0,1.0
1679,16,119,1612,1,5.0,0.0
1680,18,0,4454,1,5.0,2.0
1681,18,1,4352,-1,1.0,3.0
1682,18,2,11312,1,4.0,5.0
1683,18,3,2681,1,3.0,3.0
1684,18,4,4703,-1,2.0,4.0
1685,18,5,3569,-1,2.0,2.0
1686,18,6,2993,-1,0.0,1.0
1687,18,7,6628,-1,4.0,4.0
1688,18,8,6188,1,3.0,3.0
1689,18,9,2743,1,3.0,2.0
1690,18,10,3464,1,3.0,3.0
1691,18,11,4531,1,4.0,2.0
1692,18,12,3179,1,2.0,0.0
1693,18,13,6067,-1,3.0,4.0
1694,18,14,2480,1,3.0,0.0
1695,18,15,5211,1,3.0,3.0
1696,18,16,3212,1,3.0,1.0
1697,18,17,6119,-1,3.0,4.0
1698,18,18,4090,-1,0.0,0.0
1699,18,19,2879,-1,0.0,3.0
1700,18,20,3324,-1,2.0,4.0
1701,18,21,2039,1,4.0,1.0
1702,18,22,2871,1,3.0,3.0
1703,18,23,2022,-1,1.0,3.0
1704,18,24,3007,-1,2.0,1.0
1705,18,25,3320,1,3.0,2.0
1706,18,26,3913,-1,3.0,5.0
1707,18,27,6028,-1,2.0,2.0
1708,18,28,6379,-1,4.0,3.0
1709,18,29,6732,1,3.0,3.0
1710,18,30,2985,1,4.0,4.0
1711,18,31,4737,1,4.0,3.0
1712,18,32,2744,1,3.0,1.0
1713,18,33,2859,1,3.0,3.0
1714,18,34,3178,-1,0.0,3.0
1715,18,35,1511,-1,0.0,4.0
1716,18,36,2823,-1,1.0,4.0
1717,18,37,4818,1,3.0,4.0
1718,18,38,4708,1,4.0,4.0
1719,18,39,1936,-1,0.0,4.0
1720,18,40,2170,1,3.0,2.0
1721,18,41,1736,1,4.0,3.0
1722,18,42,2153,1,2.0,4.0
1723,18,43,4170,1,2.0,2.0
1724,18,44,2457,1,3.0,2.0
1725,18,45,3468,1,1.0,2.0
1726,18,46,2333,1,3.0,1.0
1727,18,47,8094,-1,4.0,3.0
1728,18,48,2941,1,3.0,2.0
1729,18,49,1930,-1,0.0,3.0
1730,18,50,4255,-1,2.0,3.0
1731,18,51,1913,1,4.0,0.0
1732,18,52,2146,-1,0.0,3.0
1733,18,53,2866,1,4.0,2.0
1734,18,54,2970,1,4.0,2.0
1735,18,55,2564,-1,2.0,3.0
1736,18,56,4977,-1,3.0,3.0
1737,18,57,3595,-1,3.0,4.0
1738,18,58,2714,-1,3.0,4.0
1739,18,59,4681,1,2.0,3.0
1740,18,60,1816,-1,0.0,2.0
1741,18,61,4904,1,3.0,4.0
1742,18,62,1497,-1,1.0,3.0
1743,18,63,2145,-1,0.0,4.0
1744,18,64,2733,1,5.0,3.0
1745,18,65,2456,-1,0.0,3.0
1746,18,66,3759,1,4.0,3.0
1747,18,67,2258,-1,1.0,4.0
1748,18,68,2855,1,4.0,3.0
1749,18,69,1396,1,4.0,1.0
1750,18,70,1838,1,3.0,0.0
1751,18,71,2858,-1,3.0,4.0
1752,18,72,4266,1,4.0,3.0
1753,18,73,3289,1,3.0,1.0
1754,18,74,3512,1,5.0,3.0
1755,18,75,2041,-1,2.0,5.0
1756,18,76,2834,1,1.0,2.0
1757,18,77,7334,1,2.0,1.0
1758,18,78,1898,-1,3.0,3.0
1759,18,79,3118,-1,3.0,3.0
1760,18,80,1887,-1,1.0,3.0
1761,18,81,2600,1,0.0,0.0
1762,18,82,2544,-1,3.0,4.0
1763,18,83,2006,-1,3.0,4.0
1764,18,84,2698,1,2.0,2.0
1765,18,85,3444,-1,3.0,3.0
1766,18,86,4399,-1,2.0,2.0
1767,18,87,3860,1,1.0,3.0
1768,18,88,1932,-1,2.0,4.0
1769,18,89,1409,-1,2.0,3.0
1770,18,90,18545,-1,4.0,4.0
1771,18,91,7308,1,4.0,1.0
1772,18,92,7756,1,3.0,0.0
1773,18,93,5929,1,4.0,2.0
1774,18,94,2317,-1,1.0,4.0
1775,18,95,2980,1,3.0,2.0
1776,18,96,2783,1,3.0,0.0
1777,18,97,2820,1,4.0,3.0
1778,18,98,2438,-1,3.0,3.0
1779,18,99,3368,1,3.0,3.0
1780,18,100,4929,1,4.0,3.0
1781,18,101,7561,-1,4.0,4.0
1782,18,102,5267,1,2.0,2.0
1783,18,103,2097,-1,2.0,4.0
1784,18,104,1957,1,4.0,0.0
1785,18,105,1623,-1,2.0,3.0
1786,18,106,3646,1,3.0,4.0
1787,18,107,3613,-1,3.0,3.0
1788,18,108,2404,-1,2.0,3.0
1789,18,109,2830,1,4.0,2.0
1790,18,110,8251,-1,4.0,3.0
1791,18,111,1878,-1,3.0,5.0
1792,18,112,1775,-1,2.0,1.0
1793,18,113,2765,1,3.0,0.0
1794,18,114,1924,-1,4.0,4.0
1795,18,115,5583,1,5.0,4.0
1796,18,116,4854,1,3.0,1.0
1797,18,117,1734,1,4.0,0.0
1798,18,118,1890,1,1.0,0.0
1799,18,119,2238,-1,1.0,2.0
1800,19,0,2497,1,2.0,3.0
1801,19,1,5320,-1,3.0,4.0
1802,19,2,2496,1,2.0,2.0
1803,19,3,4516,1,2.0,2.0
1804,19,4,2363,1,2.0,2.0
1805,19,5,1699,-1,3.0,2.0
1806,19,6,3480,-1,3.0,2.0
1807,19,7,1940,1,2.0,3.0
1808,19,8,1916,-1,4.0,2.0
1809,19,9,2446,-1,5.0,2.0
1810,19,10,2322,1,2.0,2.0
1811,19,11,2942,-1,2.0,2.0
1812,19,12,2542,1,2.0,5.0
1813,19,13,2003,1,2.0,5.0
1814,19,14,7000,-1,2.0,2.0
1815,19,15,2129,-1,2.0,3.0
1816,19,16,2525,-1,5.0,2.0
1817,19,17,3180,1,2.0,4.0
1818,19,18,3397,1,2.0,2.0
1819,19,19,2932,1,2.0,2.0
1820,19,20,3483,1,3.0,2.0
1821,19,21,2127,-1,2.0,2.0
1822,19,22,2335,1,2.0,5.0
1823,19,23,3477,-1,2.0,2.0
1824,19,24,2070,1,3.0,4.0
1825,19,25,1440,-1,3.0,2.0
1826,19,26,2658,-1,3.0,2.0
1827,19,27,1811,-1,2.0,2.0
1828,19,28,1474,-1,5.0,3.0
1829,19,29,1962,1,2.0,5.0
1830,19,30,2214,-1,2.0,2.0
1831,19,31,1670,-1,4.0,2.0
1832,19,32,5251,-1,4.0,2.0
1833,19,33,1904,1,2.0,4.0
1834,19,34,2916,-1,4.0,2.0
1835,19,35,2067,1,3.0,4.0
1836,19,36,4629,1,2.0,2.0
1837,19,37,1557,-1,2.0,2.0
1838,19,38,2256,1,2.0,2.0
1839,19,39,1809,1,2.0,3.0
1840,19,40,2654,-1,2.0,5.0
1841,19,41,3196,-1,2.0,2.0
1842,19,42,2461,1,2.0,2.0
1843,19,43,5769,1,4.0,4.0
1844,19,44,1913,1,3.0,3.0
1845,19,45,2606,-1,2.0,2.0
1846,19,46,2965,1,5.0,3.0
1847,19,47,1649,-1,3.0,2.0
1848,19,48,5740,-1,2.0,2.0
1849,19,49,4941,1,2.0,2.0
1850,19,50,4544,1,3.0,2.0
1851,19,51,2454,1,2.0,2.0
1852,19,52,4667,-1,2.0,2.0
1853,19,53,2043,1,3.0,2.0
1854,19,54,1644,1,2.0,3.0
1855,19,55,2385,1,3.0,2.0
1856,19,56,1566,-1,2.0,4.0
1857,19,57,2514,-1,2.0,3.0
1858,19,58,2411,-1,3.0,2.0
1859,19,59,2439,1,4.0,3.0
1860,19,60,1917,1,4.0,2.0
1861,19,61,3602,1,3.0,2.0
1862,19,62,5816,-1,2.0,5.0
1863,19,63,3830,-1,2.0,2.0
1864,19,64,2843,-1,2.0,2.0
1865,19,65,2092,1,2.0,3.0
1866,19,66,1786,1,5.0,2.0
1867,19,67,1897,1,4.0,2.0
1868,19,68,5314,-1,2.0,4.0
1869,19,69,1594,-1,2.0,3.0
1870,19,70,2504,-1,2.0,2.0
1871,19,71,1865,1,5.0,2.0
1872,19,72,2905,1,2.0,2.0
1873,19,73,8727,1,4.0,3.0
1874,19,74,1724,1,2.0,2.0
1875,19,75,5087,-1,2.0,3.0
1876,19,76,2575,1,2.0,2.0
1877,19,77,2216,-1,2.0,2.0
1878,19,78,1398,-1,2.0,5.0
1879,19,79,5793,-1,2.0,2.0
1880,19,80,4020,-1,3.0,4.0
1881,19,81,1513,-1,2.0,2.0
1882,19,82,1304,-1,3.0,2.0
1883,19,83,2368,1,4.0,2.0
1884,19,84,1642,1,5.0,2.0
1885,19,85,1489,-1,2.0,3.0
1886,19,86,1794,1,4.0,3.0
1887,19,87,2012,-1,2.0,4.0
1888,19,88,1882,1,3.0,2.0
1889,19,89,2656,1,2.0,2.0
1890,19,90,2675,1,2.0,2.0
1891,19,91,1889,1,2.0,2.0
1892,19,92,1732,1,2.0,3.0
1893,19,93,1888,1,2.0,2.0
1894,19,94,1828,-1,2.0,3.0
1895,19,95,1714,-1,2.0,2.0
1896,19,96,1339,-1,3.0,5.0
1897,19,97,1886,-1,2.0,2.0
1898,19,98,1558,-1,3.0,3.0
1899,19,99,1583,1,5.0,2.0
1900,19,100,1633,-1,2.0,4.0
1901,19,101,2514,1,5.0,2.0
1902,19,102,1934,-1,2.0,2.0
1903,19,103,2258,1,2.0,2.0
1904,19,104,1931,-1,2.0,2.0
1905,19,105,6284,-1,4.0,4.0
1906,19,106,1664,1,3.0,2.0
1907,19,107,5506,-1,2.0,4.0
1908,19,108,3341,-1,2.0,3.0
1909,19,109,1235,-1,3.0,5.0
1910,19,110,1593,1,5.0,2.0
1911,19,111,4282,1,2.0,2.0
1912,19,112,2380,-1,2.0,3.0
1913,19,113,1219,-1,2.0,5.0
1914,19,114,1495,1,4.0,3.0
1915,19,115,1786,1,2.0,2.0
1916,19,116,2240,-1,2.0,2.0
1917,19,117,1783,1,4.0,2.0
1918,19,118,2204,-1,2.0,4.0
1919,19,119,1922,-1,2.0,2.0
1920,20,0,3202,-1,2.0,5.0
1921,20,1,6774,1,5.0,5.0
1922,20,2,1737,-1,0.0,5.0
1923,20,3,1977,-1,0.0,0.0
1924,20,4,4340,1,5.0,0.0
1925,20,5,1853,-1,0.0,0.0
1926,20,6,2154,-1,2.0,5.0
1927,20,7,3933,1,2.0,0.0
1928,20,8,2253,1,4.0,0.0
1929,20,9,5243,-1,0.0,0.0
1930,20,10,3433,-1,0.0,0.0
1931,20,11,2245,-1,0.0,2.0
1932,20,12,1557,1,5.0,0.0
1933,20,13,2176,-1,2.0,2.0
1934,20,14,2211,-1,0.0,5.0
1935,20,15,7038,1,2.0,0.0
1936,20,16,5009,-1,4.0,4.0
1937,20,17,1475,-1,0.0,0.0
1938,20,18,2250,-1,0.0,5.0
1939,20,19,3887,-1,0.0,0.0
1940,20,20,1423,-1,4.0,5.0
1941,20,21,2410,1,0.0,0.0
1942,20,22,4945,1,2.0,5.0
1943,20,23,5351,-1,2.0,0.0
1944,20,24,2387,-1,0.0,2.0
1945,20,25,2937,-1,0.0,5.0
1946,20,26,3483,1,4.0,0.0
1947,20,27,2290,1,4.0,0.0
1948,20,28,2067,-1,2.0,5.0
1949,20,29,2748,1,2.0,0.0
1950,20,30,2044,-1,4.0,5.0
1951,20,31,3660,-1,2.0,5.0
1952,20,32,1384,-1,0.0,4.0
1953,20,33,1821,1,0.0,0.0
1954,20,34,2800,1,5.0,2.0
1955,20,35,2268,1,2.0,0.0
1956,20,36,1727,-1,0.0,2.0
1957,20,37,1781,1,2.0,4.0
1958,20,38,2045,-1,0.0,5.0
1959,20,39,1715,1,4.0,0.0
1960,20,40,3047,1,0.0,2.0
1961,20,41,1796,-1,0.0,4.0
1962,20,42,1575,1,0.0,0.0
1963,20,43,4728,-1,2.0,2.0
1964,20,44,1710,-1,5.0,2.0
1965,20,45,1986,1,5.0,0.0
1966,20,46,2761,1,4.0,2.0
1967,20,47,1843,-1,0.0,0.0
1968,20,48,1576,1,5.0,0.0
1969,20,49,3296,-1,5.0,5.0
1970,20,50,1381,1,0.0,0.0
1971,20,51,1658,-1,2.0,0.0
1972,20,52,2028,-1,0.0,4.0
1973,20,53,2107,1,2.0,0.0
1974,20,54,1469,1,5.0,0.0
1975,20,55,1982,1,0.0,0.0
1976,20,56,1591,1,0.0,0.0
1977,20,57,2348,1,5.0,2.0
1978,20,58,1506,1,2.0,0.0
1979,20,59,1585,-1,0.0,5.0
1980,20,60,1997,-1,2.0,5.0
1981,20,61,1349,-1,0.0,4.0
1982,20,62,2011,1,4.0,4.0
1983,20,63,1726,1,0.0,5.0
1984,20,64,1718,1,5.0,0.0
1985,20,65,2467,-1,0.0,2.0
1986,20,66,2025,1,5.0,0.0
1987,20,67,2975,-1,0.0,2.0
1988,20,68,3665,-1,0.0,2.0
1989,20,69,5711,-1,2.0,0.0
1990,20,70,1827,-1,0.0,0.0
1991,20,71,2697,-1,4.0,5.0
1992,20,72,2819,1,5.0,4.0
1993,20,73,3166,-1,0.0,0.0
1994,20,74,2915,1,0.0,0.0
1995,20,75,2512,-1,0.0,5.0
1996,20,76,1941,1,5.0,4.0
1997,20,77,4040,-1,2.0,5.0
1998,20,78,1901,1,5.0,0.0
1999,20,79,1230,-1,0.0,5.0
2000,20,80,3193,1,0.0,0.0
2001,20,81,1312,1,5.0,2.0
2002,20,82,1659,1,5.0,0.0
2003,20,83,1695,-1,0.0,4.0
2004,20,84,1424,-1,4.0,2.0
2005,20,85,1682,1,0.0,0.0
2006,20,86,1391,-1,0.0,4.0
2007,20,87,2446,-1,0.0,0.0
2008,20,88,1306,-1,0.0,5.0
2009,20,89,1803,1,0.0,0.0
2010,20,90,1783,-1,5.0,5.0
2011,20,91,2232,1,2.0,2.0
2012,20,92,2183,1,5.0,0.0
2013,20,93,2370,1,0.0,5.0
2014,20,94,1935,1,5.0,0.0
2015,20,95,1602,1,5.0,2.0
2016,20,96,1590,1,5.0,0.0
2017,20,97,2116,-1,0.0,5.0
2018,20,98,3692,1,0.0,2.0
2019,20,99,2845,1,0.0,0.0
2020,20,100,2089,1,2.0,2.0
2021,20,101,1893,1,5.0,5.0
2022,20,102,1566,1,5.0,2.0
2023,20,103,2001,-1,0.0,2.0
2024,20,104,1690,-1,0.0,2.0
2025,20,105,1360,-1,4.0,5.0
2026,20,106,4323,1,5.0,4.0
2027,20,107,1986,1,0.0,0.0
2028,20,108,1937,1,5.0,0.0
2029,20,109,2501,1,4.0,0.0
2030,20,110,1366,-1,0.0,2.0
2031,20,111,1967,1,4.0,0.0
2032,20,112,2263,1,0.0,0.0
2033,20,113,2189,1,5.0,4.0
2034,20,114,2452,1,5.0,2.0
2035,20,115,1208,-1,0.0,5.0
2036,20,116,1831,-1,0.0,0.0
2037,20,117,2775,1,2.0,0.0
2038,20,118,3291,-1,2.0,4.0
2039,20,119,1618,1,2.0,0.0
2040,21,0,2368,-1,1.0,3.0
2041,21,1,1790,1,4.0,3.0
2042,21,2,4283,1,2.0,1.0
2043,21,3,1936,-1,3.0,4.0
2044,21,4,2561,1,2.0,2.0
2045,21,5,2634,1,4.0,1.0
2046,21,6,3844,1,3.0,2.0
2047,21,7,2388,-1,3.0,3.0
2048,21,8,2878,-1,1.0,2.0
2049,21,9,2037,-1,1.0,2.0
2050,21,10,3801,-1,4.0,3.0
2051,21,11,1999,-1,4.0,4.0
2052,21,12,1938,-1,2.0,5.0
2053,21,13,1981,-1,1.0,4.0
2054,21,14,2402,1,4.0,1.0
2055,21,15,5550,-1,1.0,3.0
2056,21,16,1902,1,4.0,1.0
2057,21,17,1958,1,1.0,1.0
2058,21,18,1852,-1,2.0,4.0
2059,21,19,1798,1,3.0,1.0
2060,21,20,1519,-1,1.0,2.0
2061,21,21,1506,1,4.0,1.0
2062,21,22,7039,-1,2.0,3.0
2063,21,23,1089,-1,3.0,4.0
2064,21,24,1857,1,1.0,2.0
2065,21,25,1632,1,4.0,2.0
2066,21,26,3229,-1,4.0,4.0
2067,21,27,4503,-1,1.0,4.0
2068,21,28,1549,-1,4.0,4.0
2069,21,29,3358,1,4.0,1.0
2070,21,30,1885,-1,1.0,3.0
2071,21,31,1451,-1,1.0,4.0
2072,21,32,1908,-1,5.0,2.0
2073,21,33,5337,1,4.0,3.0
2074,21,34,8376,1,4.0,2.0
2075,21,35,1847,1,1.0,1.0
2076,21,36,1912,1,4.0,4.0
2077,21,37,4241,-1,1.0,3.0
2078,21,38,3685,1,5.0,5.0
2079,21,39,2400,1,1.0,1.0
2080,21,40,5568,-1,4.0,4.0
2081,21,41,2958,-1,3.0,3.0
2082,21,42,1213,-1,2.0,4.0
2083,21,43,1154,-1,1.0,4.0
2084,21,44,1902,1,1.0,1.0
2085,21,45,2870,1,2.0,1.0
2086,21,46,1571,-1,1.0,3.0
2087,21,47,2710,1,5.0,2.0
2088,21,48,1899,1,3.0,4.0
2089,21,49,6174,-1,3.0,4.0
2090,21,50,3292,1,3.0,1.0
2091,21,51,4194,-1,2.0,4.0
2092,21,52,1566,1,4.0,1.0
2093,21,53,1476,1,3.0,3.0
2094,21,54,1574,1,3.0,2.0
2095,21,55,1800,1,4.0,2.0
2096,21,56,2528,-1,2.0,4.0
2097,21,57,1707,-1,1.0,3.0
2098,21,58,1782,1,4.0,3.0
2099,21,59,2173,1,4.0,4.0
2100,21,60,3800,-1,3.0,4.0
2101,21,61,2914,-1,1.0,4.0
2102,21,62,2171,-1,2.0,1.0
2103,21,63,1574,1,4.0,2.0
2104,21,64,4009,-1,1.0,2.0
2105,21,65,3606,1,3.0,1.0
2106,21,66,2914,-1,1.0,1.0
2107,21,67,1846,1,2.0,5.0
2108,21,68,1973,-1,1.0,2.0
2109,21,69,2145,-1,4.0,4.0
2110,21,70,1151,-1,5.0,5.0
2111,21,71,1638,1,3.0,1.0
2112,21,72,1267,-1,3.0,2.0
2113,21,73,2912,1,2.0,2.0
2114,21,74,2418,1,2.0,2.0
2115,21,75,5234,-1,1.0,4.0
2116,21,76,1538,-1,1.0,4.0
2117,21,77,1373,-1,1.0,2.0
2118,21,78,2162,1,4.0,4.0
2119,21,79,6511,1,4.0,1.0
2120,21,80,2150,1,4.0,2.0
2121,21,81,3372,1,2.0,4.0
2122,21,82,1234,-1,1.0,4.0
2123,21,83,1575,1,4.0,1.0
2124,21,84,1808,1,3.0,1.0
2125,21,85,1146,-1,1.0,3.0
2126,21,86,3977,1,3.0,1.0
2127,21,87,2326,1,4.0,2.0
2128,21,88,5233,1,4.0,3.0
2129,21,89,2181,-1,1.0,2.0
2130,21,90,3934,-1,1.0,4.0
2131,21,91,2216,1,4.0,4.0
2132,21,92,1905,1,4.0,4.0
2133,21,93,5761,-1,1.0,1.0
2134,21,94,5271,1,4.0,4.0
2135,21,95,1283,-1,2.0,4.0
2136,21,96,1724,1,2.0,1.0
2137,21,97,1878,1,4.0,1.0
2138,21,98,1927,1,2.0,1.0
2139,21,99,1833,1,2.0,1.0
2140,21,100,1639,1,2.0,1.0
2141,21,101,1657,1,3.0,1.0
2142,21,102,1261,-1,2.0,2.0
2143,21,103,1807,-1,1.0,1.0
2144,21,104,4477,-1,1.0,1.0
2145,21,105,1119,-1,1.0,4.0
2146,21,106,3391,1,3.0,3.0
2147,21,107,3090,-1,4.0,4.0
2148,21,108,1948,1,4.0,1.0
2149,21,109,3342,-1,4.0,4.0
2150,21,110,2577,1,4.0,3.0
2151,21,111,2612,-1,4.0,4.0
2152,21,112,1751,1,2.0,3.0
2153,21,113,1666,1,2.0,1.0
2154,21,114,7434,-1,2.0,3.0
2155,21,115,2355,1,4.0,2.0
2156,21,116,2085,1,4.0,1.0
2157,21,117,1840,-1,1.0,4.0
2158,21,118,2820,-1,2.0,4.0
2159,21,119,1137,-1,3.0,4.0
2160,22,0,5338,-1,3.0,0.0
2161,22,1,2803,1,0.0,3.0
2162,22,2,3064,-1,0.0,0.0
2163,22,3,2719,1,2.0,0.0
2164,22,4,2056,1,5.0,2.0
2165,22,5,3514,-1,2.0,5.0
2166,22,6,3179,-1,0.0,2.0
2167,22,7,2017,1,5.0,3.0
2168,22,8,4342,-1,5.0,0.0
2169,22,9,5359,-1,0.0,3.0
2170,22,10,6861,-1,2.0,2.0
2171,22,11,5881,1,3.0,3.0
2172,22,12,2890,1,5.0,0.0
2173,22,13,3117,-1,0.0,5.0
2174,22,14,1878,1,5.0,2.0
2175,22,15,2424,1,5.0,0.0
2176,22,16,2592,1,2.0,2.0
2177,22,17,1661,1,0.0,2.0
2178,22,18,2834,-1,3.0,3.0
2179,22,19,3292,1,0.0,0.0
2180,22,20,3419,-1,2.0,0.0
2181,22,21,3702,1,3.0,5.0
2182,22,22,3939,1,2.0,5.0
2183,22,23,4697,1,5.0,0.0
2184,22,24,2220,1,5.0,0.0
2185,22,25,1736,1,0.0,5.0
2186,22,26,3137,1,2.0,0.0
2187,22,27,2002,-1,2.0,0.0
2188,22,28,2642,1,3.0,2.0
2189,22,29,2051,-1,2.0,0.0
2190,22,30,2132,1,2.0,0.0
2191,22,31,2193,-1,0.0,3.0
2192,22,32,1992,-1,2.0,0.0
2193,22,33,2537,-1,2.0,5.0
2194,22,34,1793,-1,5.0,5.0
2195,22,35,2361,-1,3.0,5.0
2196,22,36,1504,-1,5.0,3.0
2197,22,37,2808,1,5.0,5.0
2198,22,38,1775,-1,2.0,5.0
2199,22,39,2204,-1,5.0,3.0
2200,22,40,3660,-1,0.0,2.0
2201,22,41,2284,-1,0.0,0.0
2202,22,42,3655,-1,0.0,5.0
2203,22,43,2916,1,3.0,3.0
2204,22,44,2110,1,3.0,0.0
2205,22,45,2289,-1,0.0,2.0
2206,22,46,2264,1,5.0,5.0
2207,22,47,2187,-1,0.0,5.0
2208,22,48,2346,1,5.0,2.0
2209,22,49,1371,-1,2.0,5.0
2210,22,50,1567,-1,2.0,0.0
2211,22,51,1897,-1,0.0,5.0
2212,22,52,2171,-1,5.0,0.0
2213,22,53,1874,1,0.0,5.0
2214,22,54,2115,-1,2.0,2.0
2215,22,55,2935,1,5.0,2.0
2216,22,56,2699,1,2.0,2.0
2217,22,57,2021,-1,5.0,3.0
2218,22,58,1658,1,5.0,5.0
2219,22,59,1229,1,3.0,2.0
2220,22,60,5232,1,3.0,0.0
2221,22,61,2872,1,5.0,3.0
2222,22,62,1945,1,0.0,0.0
2223,22,63,1719,-1,2.0,2.0
2224,22,64,2302,1,3.0,0.0
2225,22,65,2446,-1,2.0,0.0
2226,22,66,1653,-1,3.0,0.0
2227,22,67,2246,-1,0.0,5.0
2228,22,68,2150,-1,5.0,2.0
2229,22,69,2467,1,5.0,2.0
2230,22,70,2928,1,2.0,0.0
2231,22,71,2289,1,5.0,2.0
2232,22,72,5093,1,0.0,0.0
2233,22,73,2037,1,0.0,0.0
2234,22,74,4740,-1,5.0,2.0
2235,22,75,1870,1,0.0,3.0
2236,22,76,2514,1,0.0,2.0
2237,22,77,1991,1,3.0,3.0
2238,22,78,3302,1,2.0,3.0
2239,22,79,2662,1,3.0,5.0
2240,22,80,2602,1,2.0,5.0
2241,22,81,1765,1,3.0,5.0
2242,22,82,2447,1,2.0,0.0
2243,22,83,1967,1,5.0,2.0
2244,22,84,3668,1,5.0,3.0
2245,22,85,1566,-1,0.0,2.0
2246,22,86,2721,-1,0.0,3.0
2247,22,87,3255,-1,3.0,0.0
2248,22,88,4637,1,0.0,2.0
2249,22,89,2179,-1,5.0,0.0
2250,22,90,1611,1,0.0,2.0
2251,22,91,1688,-1,2.0,3.0
2252,22,92,3619,-1,0.0,0.0
2253,22,93,1787,1,0.0,2.0
2254,22,94,1951,1,0.0,2.0
2255,22,95,2518,1,5.0,0.0
2256,22,96,1448,-1,0.0,5.0
2257,22,97,2122,-1,2.0,5.0
2258,22,98,3579,1,2.0,5.0
2259,22,99,1925,-1,2.0,5.0
2260,22,100,2002,-1,0.0,0.0
2261,22,101,2430,-1,5.0,5.0
2262,22,102,2251,-1,0.0,3.0
2263,22,103,1699,-1,0.0,3.0
2264,22,104,4589,-1,3.0,0.0
2265,22,105,1481,-1,3.0,5.0
2266,22,106,1952,1,0.0,3.0
2267,22,107,1766,-1,2.0,2.0
2268,22,108,1442,-1,2.0,5.0
2269,22,109,2041,1,0.0,5.0
2270,22,110,2617,-1,0.0,0.0
2271,22,111,4101,-1,3.0,5.0
2272,22,112,1970,-1,5.0,0.0
2273,22,113,3006,1,0.0,0.0
2274,22,114,2200,1,3.0,0.0
2275,22,115,2853,-1,5.0,2.0
2276,22,116,2212,-1,2.0,5.0
2277,22,117,4282,-1,5.0,2.0
2278,22,118,1943,1,5.0,5.0
2279,22,119,4470,-1,0.0,2.0
2280,23,0,6226,1,0.0,1.0
2281,23,1,3263,1,5.0,4.0
2282,23,2,4199,-1,0.0,1.0
2283,23,3,9812,1,1.0,1.0
2284,23,4,2743,1,1.0,1.0
2285,23,5,2520,-1,2.0,4.0
2286,23,6,2275,1,5.0,1.0
2287,23,7,3333,-1,1.0,1.0
2288,23,8,2377,-1,1.0,5.0
2289,23,9,3234,1,4.0,1.0
2290,23,10,3483,1,1.0,1.0
2291,23,11,2105,1,1.0,5.0
2292,23,12,3170,1,1.0,2.0
2293,23,13,2341,-1,1.0,5.0
2294,23,14,2383,1,1.0,1.0
2295,23,15,2583,1,1.0,1.0
2296,23,16,5049,1,1.0,1.0
2297,23,17,4060,1,2.0,1.0
2298,23,18,2664,-1,5.0,1.0
2299,23,19,2700,1,5.0,0.0
2300,23,20,2625,-1,5.0,1.0
2301,23,21,4005,1,5.0,2.0
2302,23,22,3931,1,1.0,1.0
2303,23,23,3398,1,5.0,5.0
2304,23,24,2138,1,1.0,1.0
2305,23,25,2404,1,1.0,1.0
2306,23,26,3213,1,2.0,0.0
2307,23,27,1997,-1,5.0,5.0
2308,23,28,2035,1,5.0,5.0
2309,23,29,1960,-1,2.0,2.0
2310,23,30,3089,-1,1.0,5.0
2311,23,31,2869,-1,1.0,1.0
2312,23,32,3308,-1,5.0,1.0
2313,23,33,2289,1,1.0,2.0
2314,23,34,2347,-1,1.0,5.0
2315,23,35,1740,1,1.0,4.0
2316,23,36,2966,-1,1.0,3.0
2317,23,37,1874,1,5.0,2.0
2318,23,38,1851,1,5.0,1.0
2319,23,39,1688,1,5.0,0.0
2320,23,40,2772,1,1.0,5.0
2321,23,41,1851,1,1.0,1.0
2322,23,42,1870,1,2.0,2.0
2323,23,43,2644,-1,1.0,5.0
2324,23,44,1816,1,5.0,3.0
2325,23,45,1833,-1,0.0,5.0
2326,23,46,1523,1,5.0,1.0
2327,23,47,1429,-1,1.0,1.0
2328,23,48,1363,-1,0.0,2.0
2329,23,49,2245,-1,2.0,5.0
2330,23,50,2279,1,2.0,2.0
2331,23,51,3264,1,1.0,5.0
2332,23,52,2464,1,4.0,1.0
2333,23,53,2326,1,1.0,0.0
2334,23,54,1987,1,4.0,1.0
2335,23,55,1752,-1,1.0,1.0
2336,23,56,2468,-1,1.0,1.0
2337,23,57,1418,-1,1.0,1.0
2338,23,58,2354,1,5.0,1.0
2339,23,59,1585,-1,4.0,1.0
2340,23,60,2622,1,1.0,2.0
2341,23,61,1517,1,4.0,4.0
2342,23,62,1544,1,1.0,0.0
2343,23,63,1912,1,1.0,5.0
2344,23,64,1467,-1,0.0,0.0
2345,23,65,1572,1,4.0,2.0
2346,23,66,1334,-1,5.0,5.0
2347,23,67,1976,1,5.0,1.0
2348,23,68,1516,-1,1.0,1.0
2349,23,69,1101,-1,2.0,1.0
2350,23,70,1358,-1,2.0,1.0
2351,23,71,1313,1,1.0,1.0
2352,23,72,1436,-1,5.0,1.0
2353,23,73,3417,-1,5.0,4.0
2354,23,74,1447,1,1.0,4.0
2355,23,75,2152,1,5.0,1.0
2356,23,76,2086,1,1.0,2.0
2357,23,77,2029,-1,1.0,4.0
2358,23,78,1241,-1,1.0,2.0
2359,23,79,2277,1,1.0,1.0
2360,23,80,2395,-1,1.0,4.0
2361,23,81,1391,-1,2.0,1.0
2362,23,82,2040,-1,5.0,5.0
2363,23,83,1514,-1,1.0,1.0
2364,23,84,2268,-1,1.0,1.0
2365,23,85,1945,1,5.0,0.0
2366,23,86,2743,-1,4.0,1.0
2367,23,87,1868,1,2.0,0.0
2368,23,88,1422,-1,0.0,1.0
2369,23,89,1338,-1,0.0,5.0
2370,23,90,1123,-1,1.0,1.0
2371,23,91,1647,1,1.0,1.0
2372,23,92,1369,-1,1.0,0.0
2373,23,93,1460,-1,0.0,2.0
2374,23,94,1618,1,1.0,5.0
2375,23,95,1412,1,5.0,1.0
2376,23,96,1508,1,1.0,5.0
2377,23,97,1440,1,0.0,0.0
2378,23,98,1137,-1,1.0,5.0
2379,23,99,2040,1,5.0,1.0
2380,23,100,2754,-1,4.0,5.0
2381,23,101,1343,-1,1.0,5.0
2382,23,102,1237,-1,5.0,1.0
2383,23,103,1076,-1,3.0,5.0
2384,23,104,1780,1,5.0,1.0
2385,23,105,1639,-1,2.0,2.0
2386,23,106,1134,-1,1.0,4.0
2387,23,107,1602,1,2.0,5.0
2388,23,108,1392,-1,0.0,5.0
2389,23,109,1156,-1,1.0,5.0
2390,23,110,1987,1,3.0,1.0
2391,23,111,1337,1,1.0,1.0
2392,23,112,1423,-1,1.0,1.0
2393,23,113,1237,-1,4.0,5.0
2394,23,114,3604,-1,1.0,1.0
2395,23,115,1187,-1,4.0,4.0
2396,23,116,2248,1,1.0,1.0
2397,23,117,2175,1,2.0,1.0
2398,23,118,1821,1,5.0,5.0
2399,23,119,1736,1,1.0,1.0
2400,24,0,2267,1,5.0,3.0
2401,24,1,5563,1,2.0,0.0
2402,24,2,2849,1,5.0,0.0
2403,24,3,2464,-1,0.0,5.0
2404,24,4,3343,1,0.0,0.0
2405,24,5,6349,1,5.0,5.0
2406,24,6,6840,-1,3.0,5.0
2407,24,7,4093,1,0.0,0.0
2408,24,8,6859,-1,2.0,2.0
2409,24,9,2668,1,4.0,0.0
2410,24,10,4005,1,2.0,0.0
2411,24,11,5189,1,0.0,3.0
2412,24,12,12077,-1,4.0,3.0
2413,24,13,2738,1,5.0,0.0
2414,24,14,8511,-1,4.0,5.0
2415,24,15,1971,-1,0.0,4.0
2416,24,16,6449,1,5.0,5.0
2417,24,17,4766,1,2.0,5.0
2418,24,18,10343,1,4.0,0.0
2419,24,19,4302,1,5.0,2.0
2420,24,20,2190,-1,0.0,5.0
2421,24,21,5200,-1,0.0,5.0
2422,24,22,3241,-1,2.0,4.0
2423,24,23,3230,-1,5.0,0.0
2424,24,24,2208,-1,0.0,0.0
2425,24,25,4344,-1,3.0,2.0
2426,24,26,3648,1,3.0,0.0
2427,24,27,4829,-1,0.0,0.0
2428,24,28,7833,1,3.0,5.0
2429,24,29,3509,-1,0.0,2.0
2430,24,30,5678,1,5.0,5.0
2431,24,31,9641,-1,0.0,4.0
2432,24,32,2641,-1,0.0,0.0
2433,24,33,3864,1,4.0,5.0
2434,24,34,8579,1,4.0,5.0
2435,24,35,4942,-1,0.0,0.0
2436,24,36,5459,1,4.0,5.0
2437,24,37,3964,1,3.0,0.0
2438,24,38,3301,-1,0.0,5.0
2439,24,39,2254,1,3.0,3.0
2440,24,40,2681,1,2.0,0.0
2441,24,41,1581,1,3.0,0.0
2442,24,42,4246,1,2.0,2.0
2443,24,43,2473,-1,2.0,4.0
2444,24,44,3139,1,0.0,4.0
2445,24,45,2291,-1,3.0,0.0
2446,24,46,3829,-1,0.0,2.0
2447,24,47,6066,-1,0.0,4.0
2448,24,48,2432,1,5.0,4.0
2449,24,49,2774,1,5.0,0.0
2450,24,50,4400,1,5.0,5.0
2451,24,51,7930,1,4.0,0.0
2452,24,52,9274,-1,2.0,5.0
2453,24,53,3058,-1,5.0,2.0
2454,24,54,2230,-1,0.0,3.0
2455,24,55,5704,1,4.0,2.0
2456,24,56,5079,-1,5.0,4.0
2457,24,57,1947,-1,5.0,4.0
2458,24,58,2711,1,5.0,0.0
2459,24,59,3762,1,2.0,5.0
2460,24,60,2335,-1,0.0,0.0
2461,24,61,3882,1,5.0,0.0
2462,24,62,3200,-1,0.0,3.0
2463,24,63,4185,-1,5.0,5.0
2464,24,64,3143,-1,3.0,4.0
2465,24,65,2977,-1,3.0,5.0
2466,24,66,2672,1,3.0,3.0
2467,24,67,2724,-1,0.0,3.0
2468,24,68,2598,-1,5.0,5.0
2469,24,69,2869,-1,5.0,4.0
2470,24,70,1630,-1,0.0,4.0
2471,24,71,2344,1,2.0,0.0
2472,24,72,2267,-1,0.0,5.0
2473,24,73,5893,1,5.0,3.0
2474,24,74,8511,-1,5.0,3.0
2475,24,75,2404,-1,0.0,3.0
2476,24,76,2464,-1,3.0,5.0
2477,24,77,2718,1,3.0,0.0
2478,24,78,2665,1,0.0,0.0
2479,24,79,3188,1,5.0,0.0
2480,24,80,1695,1,5.0,0.0
2481,24,81,3538,1,0.0,5.0
2482,24,82,1528,-1,3.0,3.0
2483,24,83,2970,-1,3.0,5.0
2484,24,84,2504,1,5.0,3.0
2485,24,85,3809,1,5.0,4.0
2486,24,86,2412,1,3.0,0.0
2487,24,87,1822,-1,0.0,3.0
2488,24,88,4629,-1,3.0,4.0
2489,24,89,1817,1,0.0,0.0
2490,24,90,4297,1,0.0,0.0
2491,24,91,3360,-1,0.0,0.0
2492,24,92,1898,-1,0.0,0.0
2493,24,93,2606,-1,0.0,5.0
2494,24,94,2195,1,2.0,3.0
2495,24,95,2781,-1,3.0,3.0
2496,24,96,1788,1,4.0,0.0
2497,24,97,1741,-1,0.0,3.0
2498,24,98,1558,1,5.0,0.0
2499,24,99,1739,-1,0.0,5.0
2500,24,100,2494,1,4.0,0.0
2501,24,101,2268,1,4.0,2.0
2502,24,102,3137,-1,0.0,3.0
2503,24,103,6736,1,4.0,5.0
2504,24,104,4255,-1,0.0,4.0
2505,24,105,1375,-1,0.0,5.0
2506,24,106,1875,1,3.0,0.0
2507,24,107,1598,1,3.0,0.0
2508,24,108,3317,1,5.0,3.0
2509,24,109,1928,-1,0.0,5.0
2510,24,110,3759,-1,4.0,5.0
2511,24,111,1547,1,4.0,3.0
2512,24,112,1185,1,5.0,0.0
2513,24,113,4437,-1,5.0,5.0
2514,24,114,1457,-1,0.0,2.0
2515,24,115,4006,-1,5.0,2.0
2516,24,116,1873,-1,5.0,4.0
2517,24,117,2094,-1,5.0,5.0
2518,24,118,2234,-1,0.0,2.0
2519,24,119,2696,-1,4.0,0.0
2520,26,0,7276,1,5.0,0.0
2521,26,1,5824,1,2.0,3.0
2522,26,2,7376,-1,2.0,0.0
2523,26,3,3845,-1,2.0,0.0
2524,26,4,6311,1,0.0,0.0
2525,26,5,5537,-1,0.0,4.0
2526,26,6,3944,1,3.0,2.0
2527,26,7,1897,1,2.0,2.0
2528,26,8,6357,-1,2.0,5.0
2529,26,9,5427,-1,2.0,4.0
2530,26,10,4717,1,2.0,1.0
2531,26,11,7041,1,4.0,2.0
2532,26,12,5918,1,5.0,5.0
2533,26,13,5560,-1,3.0,0.0
2534,26,14,2630,1,1.0,0.0
2535,26,15,7381,1,5.0,1.0
2536,26,16,3629,-1,2.0,4.0
2537,26,17,4150,-1,1.0,2.0
2538,26,18,7049,1,4.0,3.0
2539,26,19,4999,-1,0.0,3.0
2540,26,20,9862,1,0.0,1.0
2541,26,21,4063,-1,5.0,5.0
2542,26,22,6810,-1,1.0,3.0
2543,26,23,3101,1,2.0,1.0
2544,26,24,2954,1,4.0,5.0
2545,26,25,3784,-1,3.0,2.0
2546,26,26,6244,1,4.0,2.0
2547,26,27,4783,-1,2.0,5.0
2548,26,28,3230,-1,2.0,0.0
2549,26,29,4270,-1,3.0,3.0
2550,26,30,5210,-1,5.0,4.0
2551,26,31,4081,1,5.0,1.0
2552,26,32,4482,-1,4.0,5.0
2553,26,33,2258,1,0.0,4.0
2554,26,34,3033,1,1.0,0.0
2555,26,35,4403,-1,0.0,5.0
2556,26,36,12058,1,4.0,5.0
2557,26,37,5037,1,3.0,0.0
2558,26,38,6049,-1,2.0,4.0
2559,26,39,9080,1,2.0,1.0
2560,26,40,8186,1,0.0,4.0
2561,26,41,3613,1,0.0,2.0
2562,26,42,4145,1,5.0,2.0
2563,26,43,3821,1,3.0,0.0
2564,26,44,4160,-1,3.0,4.0
2565,26,45,4047,1,0.0,2.0
2566,26,46,2783,1,0.0,3.0
2567,26,47,3198,1,2.0,3.0
2568,26,48,4522,-1,5.0,4.0
2569,26,49,4851,1,5.0,1.0
2570,26,50,3037,1,2.0,2.0
2571,26,51,3206,1,0.0,2.0
2572,26,52,7400,-1,2.0,0.0
2573,26,53,4123,1,5.0,4.0
2574,26,54,2431,1,2.0,5.0
2575,26,55,3949,1,4.0,3.0
2576,26,56,2789,1,2.0,2.0
2577,26,57,4184,1,3.0,3.0
2578,26,58,4479,-1,1.0,2.0
2579,26,59,3740,1,2.0,4.0
2580,26,60,2977,1,4.0,2.0
2581,26,61,4256,-1,0.0,5.0
2582,26,62,6446,1,4.0,1.0
2583,26,63,7220,-1,0.0,2.0
2584,26,64,9269,1,1.0,1.0
2585,26,65,7282,1,1.0,5.0
2586,26,66,6824,1,5.0,4.0
2587,26,67,8894,1,4.0,2.0
2588,26,68,2872,1,3.0,0.0
2589,26,69,3400,-1,0.0,2.0
2590,26,70,3006,1,5.0,2.0
2591,26,71,5724,-1,4.0,2.0
2592,26,72,2256,1,4.0,1.0
2593,26,73,4666,-1,2.0,4.0
2594,26,74,2353,-1,1.0,2.0
2595,26,75,3690,-1,1.0,0.0
2596,26,76,2113,1,4.0,4.0
2597,26,77,4074,-1,2.0,4.0
2598,26,78,6208,-1,2.0,4.0
2599,26,79,3112,-1,2.0,1.0
2600,26,80,4667,1,5.0,0.0
2601,26,81,3084,1,2.0,3.0
2602,26,82,2951,-1,2.0,0.0
2603,26,83,2642,-1,2.0,0.0
2604,26,84,3736,1,0.0,0.0
2605,26,85,2900,-1,0.0,4.0
2606,26,86,4960,1,3.0,2.0
2607,26,87,4629,1,2.0,2.0
2608,26,88,2670,-1,2.0,5.0
2609,26,89,6760,-1,2.0,4.0
2610,26,90,4611,1,2.0,1.0
2611,26,91,3053,1,4.0,2.0
2612,26,92,9550,1,5.0,5.0
2613,26,93,3290,-1,3.0,0.0
2614,26,94,2609,1,1.0,0.0
2615,26,95,4385,-1,5.0,1.0
2616,26,96,2633,-1,2.0,4.0
2617,26,97,3711,-1,1.0,2.0
2618,26,98,2380,1,4.0,3.0
2619,26,99,3740,-1,0.0,3.0
2620,26,100,3615,1,0.0,1.0
2621,26,101,3097,-1,5.0,5.0
2622,26,102,6915,-1,1.0,3.0
2623,26,103,2991,1,2.0,1.0
2624,26,104,3508,1,4.0,5.0
2625,26,105,2359,-1,3.0,2.0
2626,26,106,2056,1,4.0,2.0
2627,26,107,6856,-1,2.0,5.0
2628,26,108,4119,1,2.0,0.0
2629,26,109,4080,-1,3.0,3.0
2630,26,110,5074,-1,5.0,4.0
2631,26,111,2733,1,5.0,1.0
2632,26,112,2874,-1,4.0,5.0
2633,26,113,2256,-1,0.0,4.0
2634,26,114,2089,1,1.0,0.0
2635,26,115,2964,-1,0.0,5.0
2636,26,116,5859,1,4.0,5.0
2637,26,117,6849,1,3.0,0.0
2638,26,118,2574,-1,2.0,4.0
2639,26,119,4769,-1,2.0,1.0
2640,27,0,2522,-1,2.0,2.0
2641,27,1,2282,-1,0.0,3.0
2642,27,2,2160,-1,0.0,5.0
2643,27,3,7246,-1,3.0,3.0
2644,27,4,2454,1,2.0,3.0
2645,27,5,3395,1,5.0,5.0
2646,27,6,5644,1,3.0,2.0
2647,27,7,2330,-1,0.0,5.0
2648,27,8,2693,1,0.0,3.0
2649,27,9,3727,1,3.0,3.0
2650,27,10,1622,1,5.0,0.0
2651,27,11,1435,-1,0.0,2.0
2652,27,12,1789,-1,3.0,3.0
2653,27,13,3679,1,0.0,2.0
2654,27,14,3930,-1,2.0,2.0
2655,27,15,1888,-1,3.0,3.0
2656,27,16,1471,-1,5.0,5.0
2657,27,17,1628,-1,5.0,3.0
2658,27,18,1419,-1,0.0,5.0
2659,27,19,2803,-1,2.0,2.0
2660,27,20,1681,-1,0.0,3.0
2661,27,21,1507,-1,5.0,3.0
2662,27,22,5238,-1,3.0,5.0
2663,27,23,3939,1,0.0,0.0
2664,27,24,3004,-1,0.0,0.0
2665,27,25,1446,-1,0.0,0.0
2666,27,26,1083,1,5.0,0.0
2667,27,27,1805,1,5.0,5.0
2668,27,28,1357,1,5.0,2.0
2669,27,29,1913,-1,2.0,0.0
2670,27,30,3194,1,0.0,2.0
2671,27,31,1848,1,5.0,0.0
2672,27,32,1005,1,3.0,2.0
2673,27,33,1574,-1,5.0,2.0
2674,27,34,4318,-1,0.0,3.0
2675,27,35,4139,-1,0.0,0.0
2676,27,36,1800,1,3.0,2.0
2677,27,37,5213,-1,0.0,3.0
2678,27,38,1587,-1,2.0,3.0
2679,27,39,6055,1,5.0,2.0
2680,27,40,1831,-1,0.0,5.0
2681,27,41,2600,1,3.0,3.0
2682,27,42,1148,-1,3.0,2.0
2683,27,43,1286,-1,3.0,5.0
2684,27,44,1062,1,2.0,2.0
2685,27,45,1199,1,3.0,5.0
2686,27,46,1901,-1,3.0,3.0
2687,27,47,1290,-1,2.0,5.0
2688,27,48,3219,1,3.0,0.0
2689,27,49,1094,1,5.0,0.0
2690,27,50,2801,1,0.0,0.0
2691,27,51,2263,-1,2.0,3.0
2692,27,52,1572,1,3.0,0.0
2693,27,53,1632,-1,0.0,5.0
2694,27,54,1938,1,3.0,3.0
2695,27,55,1733,1,2.0,0.0
2696,27,56,1162,-1,0.0,3.0
2697,27,57,1510,-1,2.0,3.0
2698,27,58,1373,1,0.0,0.0
2699,27,59,885,1,5.0,0.0
2700,27,60,3526,1,2.0,3.0
2701,27,61,1143,-1,2.0,0.0
2702,27,62,2409,1,0.0,2.0
2703,27,63,985,1,3.0,0.0
2704,27,64,1652,1,5.0,2.0
2705,27,65,962,1,2.0,5.0
2706,27,66,1299,1,0.0,0.0
2707,27,67,934,1,5.0,5.0
2708,27,68,1329,-1,0.0,0.0
2709,27,69,920,-1,5.0,3.0
2710,27,70,1958,-1,0.0,0.0
2711,27,71,1646,1,2.0,0.0
2712,27,72,1375,1,5.0,0.0
2713,27,73,1771,1,2.0,2.0
2714,27,74,1112,-1,5.0,5.0
2715,27,75,1664,1,3.0,0.0
2716,27,76,1876,-1,2.0,3.0
2717,27,77,1231,-1,3.0,5.0
2718,27,78,1343,1,3.0,2.0
2719,27,79,6922,-1,2.0,5.0
2720,27,80,2174,1,3.0,0.0
2721,27,81,1263,1,3.0,3.0
2722,27,82,1289,1,2.0,0.0
2723,27,83,2404,-1,3.0,5.0
2724,27,84,1050,-1,0.0,5.0
2725,27,85,1335,-1,5.0,5.0
2726,27,86,1860,1,5.0,3.0
2727,27,87,1304,1,2.0,2.0
2728,27,88,1548,1,2.0,5.0
2729,27,89,1508,1,3.0,2.0
2730,27,90,893,-1,2.0,2.0
2731,27,91,2328,-1,2.0,3.0
2732,27,92,1057,-1,3.0,0.0
2733,27,93,1699,-1,0.0,5.0
2734,27,94,1224,-1,2.0,2.0
2735,27,95,1755,-1,2.0,0.0
2736,27,96,1849,1,3.0,0.0
2737,27,97,2111,-1,0.0,3.0
2738,27,98,1476,1,3.0,3.0
2739,27,99,2505,1,3.0,0.0
2740,27,100,1412,-1,0.0,2.0
2741,27,101,1908,-1,0.0,3.0
2742,27,102,1592,1,0.0,0.0
2743,27,103,1595,1,5.0,0.0
2744,27,104,1554,1,0.0,0.0
2745,27,105,1283,1,5.0,0.0
2746,27,106,1167,1,5.0,5.0
2747,27,107,1491,1,0.0,2.0
2748,27,108,1481,-1,3.0,2.0
2749,27,109,1941,-1,5.0,5.0
2750,27,110,3231,1,3.0,0.0
2751,27,111,1675,1,5.0,2.0
2752,27,112,1432,1,0.0,3.0
2753,27,113,932,1,2.0,5.0
2754,27,114,2517,1,3.0,0.0
2755,27,115,2345,-1,3.0,3.0
2756,27,116,1316,-1,0.0,3.0
2757,27,117,1743,1,5.0,3.0
2758,27,118,982,-1,0.0,5.0
2759,27,119,1552,1,0.0,0.0
2760,28,0,5218,1,3.0,5.0
2761,28,1,7248,1,2.0,0.0
2762,28,2,2898,1,4.0,2.0
2763,28,3,5471,-1,2.0,2.0
2764,28,4,3447,1,5.0,2.0
2765,28,5,3919,-1,0.0,5.0
2766,28,6,7124,-1,0.0,2.0
2767,28,7,5170,-1,3.0,5.0
2768,28,8,4174,-1,0.0,2.0
2769,28,9,6871,1,1.0,0.0
2770,28,10,2764,-1,0.0,1.0
2771,28,11,8195,1,1.0,3.0
2772,28,12,8021,1,2.0,5.0
2773,28,13,5963,1,3.0,2.0
2774,28,14,2223,1,2.0,3.0
2775,28,15,3695,-1,3.0,4.0
2776,28,16,4676,-1,2.0,1.0
2777,28,17,2982,1,4.0,2.0
2778,28,18,2382,1,2.0,3.0
2779,28,19,5604,1,1.0,1.0
2780,28,20,5217,1,1.0,0.0
2781,28,21,2846,1,5.0,2.0
2782,28,22,4036,-1,5.0,2.0
2783,28,23,4221,1,4.0,3.0
2784,28,24,3372,1,5.0,2.0
2785,28,25,3120,-1,0.0,2.0
2786,28,26,2686,1,0.0,0.0
2787,28,27,3649,1,3.0,2.0
2788,28,28,5248,-1,3.0,2.0
2789,28,29,4962,-1,0.0,3.0
2790,28,30,3327,-1,3.0,0.0
2791,28,31,2116,-1,0.0,5.0
2792,28,32,4660,-1,2.0,2.0
2793,28,33,2764,1,3.0,0.0
2794,28,34,2778,1,5.0,4.0
2795,28,35,4795,1,2.0,3.0
2796,28,36,3606,1,2.0,0.0
2797,28,37,3734,1,1.0,4.0
2798,28,38,2946,1,5.0,0.0
2799,28,39,7245,-1,0.0,3.0
2800,28,40,5984,-1,5.0,1.0
2801,28,41,3191,1,5.0,3.0
2802,28,42,4182,-1,0.0,2.0
2803,28,43,4102,1,3.0,1.0
2804,28,44,2944,-1,3.0,4.0
2805,28,45,2196,1,3.0,2.0
2806,28,46,2229,1,3.0,0.0
2807,28,47,5346,1,4.0,0.0
2808,28,48,3151,1,5.0,2.0
2809,28,49,3122,1,5.0,3.0
2810,28,50,3064,-1,1.0,5.0
2811,28,51,1859,-1,0.0,2.0
2812,28,52,1543,-1,2.0,2.0
2813,28,53,3109,-1,2.0,5.0
2814,28,54,2125,1,3.0,5.0
2815,28,55,2329,1,3.0,0.0
2816,28,56,3862,1,4.0,3.0
2817,28,57,3743,-1,4.0,5.0
2818,28,58,2877,-1,5.0,2.0
2819,28,59,1661,-1,2.0,4.0
2820,28,60,5019,-1,2.0,3.0
2821,28,61,1641,1,2.0,2.0
2822,28,62,2485,1,1.0,2.0
2823,28,63,1627,1,1.0,0.0
2824,28,64,6459,-1,1.0,1.0
2825,28,65,4819,1,0.0,1.0
2826,28,66,2632,1,0.0,3.0
2827,28,67,2573,-1,2.0,1.0
2828,28,68,2297,-1,2.0,5.0
2829,28,69,3442,-1,2.0,5.0
2830,28,70,2434,-1,4.0,1.0
2831,28,71,1706,1,5.0,3.0
2832,28,72,2474,1,4.0,3.0
2833,28,73,3481,-1,2.0,3.0
2834,28,74,2160,1,4.0,2.0
2835,28,75,3388,-1,2.0,3.0
2836,28,76,3516,1,0.0,2.0
2837,28,77,4310,-1,2.0,0.0
2838,28,78,2441,1,2.0,2.0
2839,28,79,4558,-1,0.0,3.0
2840,28,80,5402,1,3.0,0.0
2841,28,81,2695,1,5.0,0.0
2842,28,82,1641,-1,0.0,5.0
2843,28,83,2217,1,5.0,0.0
2844,28,84,1880,1,2.0,2.0
2845,28,85,5845,1,2.0,2.0
2846,28,86,1736,-1,0.0,1.0
2847,28,87,3100,-1,0.0,0.0
2848,28,88,2029,-1,2.0,5.0
2849,28,89,3566,-1,5.0,1.0
2850,28,90,1376,-1,2.0,4.0
2851,28,91,5800,1,3.0,2.0
2852,28,92,1393,-1,3.0,5.0
2853,28,93,2747,1,1.0,2.0
2854,28,94,2328,-1,2.0,2.0
2855,28,95,4244,-1,2.0,0.0
2856,28,96,1941,-1,3.0,2.0
2857,28,97,1812,1,2.0,0.0
2858,28,98,2362,1,1.0,5.0
2859,28,99,2368,1,0.0,2.0
2860,28,100,8461,-1,3.0,2.0
2861,28,101,11486,1,2.0,3.0
2862,28,102,2883,-1,2.0,3.0
2863,28,103,2545,1,2.0,0.0
2864,28,104,9944,-1,4.0,5.0
2865,28,105,124,1,2.0,1.0
2866,28,106,1620,-1,3.0,5.0
2867,28,107,2275,-1,0.0,4.0
2868,28,108,8418,1,3.0,4.0
2869,28,109,2355,1,2.0,0.0
2870,28,110,5932,-1,5.0,3.0
2871,28,111,3315,1,1.0,2.0
2872,28,112,3190,-1,2.0,4.0
2873,28,113,3406,-1,0.0,3.0
2874,28,114,3691,1,5.0,4.0
2875,28,115,2304,1,2.0,5.0
2876,28,116,2936,-1,2.0,0.0
2877,28,117,2587,1,5.0,3.0
2878,28,118,6367,1,3.0,2.0
2879,28,119,2198,-1,0.0,2.0
2880,29,0,7125,1,2.0,4.0
2881,29,1,3692,1,3.0,0.0
2882,29,2,2541,1,5.0,1.0
2883,29,3,7651,1,3.0,3.0
2884,29,4,19210,1,3.0,3.0
2885,29,5,5687,-1,1.0,2.0
2886,29,6,2943,1,3.0,0.0
2887,29,7,2096,-1,1.0,4.0
2888,29,8,5345,-1,2.0,2.0
2889,29,9,3886,1,3.0,2.0
2890,29,10,1650,-1,1.0,2.0
2891,29,11,2712,-1,2.0,4.0
2892,29,12,13753,-1,2.0,3.0
2893,29,13,3784,-1,2.0,3.0
2894,29,14,5761,-1,3.0,1.0
2895,29,15,6237,-1,0.0,1.0
2896,29,16,4639,-1,2.0,3.0
2897,29,17,1720,-1,1.0,2.0
2898,29,18,2302,-1,4.0,5.0
2899,29,19,1715,-1,1.0,2.0
2900,29,20,1930,-1,1.0,2.0
2901,29,21,4637,-1,2.0,2.0
2902,29,22,9011,-1,3.0,5.0
2903,29,23,6690,-1,5.0,3.0
2904,29,24,2786,1,3.0,3.0
2905,29,25,1546,-1,1.0,5.0
2906,29,26,1446,-1,0.0,5.0
2907,29,27,4059,-1,1.0,1.0
2908,29,28,3822,1,2.0,3.0
2909,29,29,2249,1,5.0,3.0
2910,29,30,2312,1,3.0,2.0
2911,29,31,2977,1,5.0,4.0
2912,29,32,3406,1,2.0,0.0
2913,29,33,4218,-1,1.0,1.0
2914,29,34,9446,-1,4.0,2.0
2915,29,35,5078,-1,2.0,5.0
2916,29,36,1907,1,3.0,1.0
2917,29,37,4781,1,3.0,1.0
2918,29,38,1780,-1,3.0,3.0
2919,29,39,4086,1,4.0,2.0
2920,29,40,11648,1,2.0,3.0
2921,29,41,2738,1,1.0,1.0
2922,29,42,2758,1,1.0,3.0
2923,29,43,2128,1,5.0,1.0
2924,29,44,1577,1,5.0,0.0
2925,29,45,2926,1,2.0,1.0
2926,29,46,2426,1,5.0,2.0
2927,29,47,1679,-1,3.0,2.0
2928,29,48,2037,1,3.0,2.0
2929,29,49,7953,1,5.0,3.0
2930,29,50,2166,-1,1.0,5.0
2931,29,51,7358,1,5.0,3.0
2932,29,52,1493,1,3.0,1.0
2933,29,53,2742,-1,3.0,5.0
2934,29,54,4685,1,2.0,2.0
2935,29,55,5293,-1,2.0,2.0
2936,29,56,3689,-1,3.0,4.0
2937,29,57,3207,1,1.0,1.0
2938,29,58,1903,1,1.0,0.0
2939,29,59,4321,-1,3.0,1.0
2940,29,60,4077,-1,3.0,4.0
2941,29,61,2117,1,1.0,0.0
2942,29,62,1499,-1,3.0,4.0
2943,29,63,1574,-1,1.0,3.0
2944,29,64,2185,-1,1.0,5.0
2945,29,65,7289,-1,3.0,2.0
2946,29,66,2325,1,2.0,1.0
2947,29,67,1743,-1,0.0,1.0
2948,29,68,3476,-1,0.0,4.0
2949,29,69,3173,-1,4.0,5.0
2950,29,70,2271,1,1.0,1.0
2951,29,71,14454,-1,3.0,3.0
2952,29,72,3308,-1,1.0,5.0
2953,29,73,2205,1,2.0,2.0
2954,29,74,3257,1,4.0,1.0
2955,29,75,2696,1,1.0,3.0
2956,29,76,1907,-1,2.0,4.0
2957,29,77,2105,-1,3.0,3.0
2958,29,78,2088,-1,1.0,3.0
2959,29,79,1936,-1,3.0,3.0
2960,29,80,2569,1,2.0,1.0
2961,29,81,4504,1,5.0,1.0
2962,29,82,1320,-1,0.0,2.0
2963,29,83,4091,1,2.0,4.0
2964,29,84,1717,1,1.0,0.0
2965,29,85,1728,1,2.0,1.0
2966,29,86,6360,-1,3.0,3.0
2967,29,87,2025,1,3.0,2.0
2968,29,88,3491,-1,2.0,3.0
2969,29,89,2211,-1,1.0,3.0
2970,29,90,1312,1,3.0,1.0
2971,29,91,2754,-1,0.0,3.0
2972,29,92,1412,1,3.0,3.0
2973,29,93,1810,-1,0.0,1.0
2974,29,94,1339,-1,1.0,1.0
2975,29,95,1746,1,3.0,1.0
2976,29,96,2398,1,4.0,2.0
2977,29,97,1839,-1,3.0,5.0
2978,29,98,1559,1,4.0,3.0
2979,29,99,2145,1,4.0,1.0
2980,29,100,1416,1,2.0,1.0
2981,29,101,1437,1,5.0,1.0
2982,29,102,1478,1,4.0,3.0
2983,29,103,2347,1,1.0,1.0
2984,29,104,1699,1,3.0,1.0
2985,29,105,1938,-1,1.0,1.0
2986,29,106,1418,-1,0.0,3.0
2987,29,107,1855,-1,1.0,3.0
2988,29,108,5421,1,3.0,5.0
2989,29,109,3163,1,1.0,3.0
2990,29,110,2525,-1,1.0,4.0
2991,29,111,3023,-1,1.0,3.0
2992,29,112,2172,1,2.0,2.0
2993,29,113,1573,1,3.0,2.0
2994,29,114,1768,-1,2.0,3.0
2995,29,115,2488,-1,4.0,2.0
2996,29,116,2144,1,4.0,0.0
2997,29,117,1847,1,4.0,3.0
2998,29,118,1349,1,5.0,4.0
2999,29,119,3356,-1,3.0,3.0
3000,31,0,4097,-1,2.0,5.0
3001,31,1,3147,1,5.0,0.0
3002,31,2,3290,-1,5.0,0.0
3003,31,3,1592,1,2.0,0.0
3004,31,4,5927,-1,1.0,3.0
3005,31,5,6716,-1,4.0,5.0
3006,31,6,2573,-1,4.0,5.0
3007,31,7,7630,-1,4.0,5.0
3008,31,8,12133,-1,4.0,3.0
3009,31,9,2272,-1,5.0,4.0
3010,31,10,4203,1,0.0,0.0
3011,31,11,3365,1,2.0,5.0
3012,31,12,3154,-1,0.0,0.0
3013,31,13,2079,-1,0.0,2.0
3014,31,14,6907,-1,4.0,3.0
3015,31,15,4428,-1,2.0,3.0
3016,31,16,2504,1,4.0,5.0
3017,31,17,1729,-1,0.0,4.0
3018,31,18,9992,-1,1.0,4.0
3019,31,19,15692,1,3.0,5.0
3020,31,20,2383,-1,3.0,3.0
3021,31,21,2207,1,4.0,0.0
3022,31,22,2120,-1,2.0,2.0
3023,31,23,3330,1,3.0,2.0
3024,31,24,1926,1,2.0,4.0
3025,31,25,15372,-1,1.0,0.0
3026,31,26,6074,-1,0.0,5.0
3027,31,27,3917,1,5.0,0.0
3028,31,28,2019,-1,0.0,2.0
3029,31,29,1906,1,2.0,0.0
3030,31,30,15875,-1,5.0,3.0
3031,31,31,2140,-1,0.0,4.0
3032,31,32,2231,-1,0.0,4.0
3033,31,33,1655,1,3.0,2.0
3034,31,34,1906,1,5.0,0.0
3035,31,35,9094,1,5.0,3.0
3036,31,36,4457,1,3.0,3.0
3037,31,37,1952,1,5.0,0.0
3038,31,38,13105,1,0.0,2.0
3039,31,39,1514,1,3.0,0.0
3040,31,40,2480,-1,0.0,0.0
3041,31,41,17010,-1,4.0,2.0
3042,31,42,1579,1,2.0,4.0
3043,31,43,1613,1,2.0,2.0
3044,31,44,4880,-1,5.0,3.0
3045,31,45,1533,-1,2.0,3.0
3046,31,46,1885,1,5.0,2.0
3047,31,47,1947,-1,1.0,4.0
3048,31,48,3188,-1,5.0,5.0
3049,31,49,12094,1,5.0,3.0
3050,31,50,1626,-1,2.0,3.0
3051,31,51,2339,-1,0.0,2.0
3052,31,52,1634,-1,0.0,5.0
3053,31,53,4930,1,4.0,2.0
3054,31,54,5033,1,4.0,0.0
3055,31,55,7374,1,1.0,0.0
3056,31,56,2179,-1,3.0,3.0
3057,31,57,3895,1,3.0,3.0
3058,31,58,1670,1,5.0,4.0
3059,31,59,2896,-1,2.0,3.0
3060,31,60,5344,1,3.0,4.0
3061,31,61,1639,1,5.0,0.0
3062,31,62,11081,1,5.0,1.0
3063,31,63,3074,-1,4.0,5.0
3064,31,64,1391,1,4.0,0.0
3065,31,65,5478,1,5.0,4.0
3066,31,66,1818,-1,4.0,4.0
3067,31,67,3290,-1,0.0,3.0
3068,31,68,8333,1,2.0,0.0
3069,31,69,4008,1,3.0,5.0
3070,31,70,5519,-1,0.0,0.0
3071,31,71,5059,1,3.0,4.0
3072,31,72,1343,1,5.0,2.0
3073,31,73,1543,-1,0.0,2.0
3074,31,74,2773,-1,2.0,2.0
3075,31,75,1923,-1,5.0,2.0
3076,31,76,5286,-1,0.0,4.0
3077,31,77,1905,-1,0.0,5.0
3078,31,78,2316,-1,0.0,5.0
3079,31,79,2842,-1,0.0,0.0
3080,31,80,6778,-1,2.0,4.0
3081,31,81,1772,1,5.0,4.0
3082,31,82,5648,-1,1.0,5.0
3083,31,83,1608,1,5.0,5.0
3084,31,84,1699,1,3.0,0.0
3085,31,85,2439,1,5.0,4.0
3086,31,86,1287,-1,0.0,5.0
3087,31,87,1983,-1,0.0,2.0
3088,31,88,1559,-1,0.0,5.0
3089,31,89,1327,1,3.0,5.0
3090,31,90,1355,1,2.0,5.0
3091,31,91,4708,-1,2.0,4.0
3092,31,92,1604,1,4.0,3.0
3093,31,93,1778,1,4.0,0.0
3094,31,94,1587,1,3.0,2.0
3095,31,95,2114,1,5.0,0.0
3096,31,96,1587,1,5.0,2.0
3097,31,97,1460,1,4.0,1.0
3098,31,98,1647,-1,0.0,4.0
3099,31,99,1286,-1,0.0,3.0
3100,31,100,4351,-1,3.0,5.0
3101,31,101,5299,-1,0.0,1.0
3102,31,102,1576,1,4.0,4.0
3103,31,103,2241,1,3.0,1.0
3104,31,104,1707,1,0.0,0.0
3105,31,105,3191,1,3.0,2.0
3106,31,106,1667,-1,4.0,5.0
3107,31,107,1829,-1,4.0,2.0
3108,31,108,2833,1,0.0,1.0
3109,31,109,3748,-1,2.0,5.0
3110,31,110,2311,1,4.0,1.0
3111,31,111,1282,1,2.0,0.0
3112,31,112,1169,1,2.0,0.0
3113,31,113,1561,1,4.0,0.0
3114,31,114,1629,1,0.0,5.0
3115,31,115,9645,-1,5.0,4.0
3116,31,116,1515,1,4.0,2.0
3117,31,117,5227,1,2.0,2.0
3118,31,118,1667,1,2.0,0.0
3119,31,119,1788,1,3.0,4.0
3120,32,0,5334,1,0.0,1.0
3121,32,1,18197,-1,1.0,2.0
3122,32,2,7372,1,2.0,2.0
3123,32,3,3447,-1,2.0,3.0
3124,32,4,36171,1,2.0,2.0
3125,32,5,8380,1,2.0,1.0
3126,32,6,9325,1,2.0,4.0
3127,32,7,7753,-1,5.0,0.0
3128,32,8,4712,1,5.0,5.0
3129,32,9,3571,1,1.0,0.0
3130,32,10,4094,1,3.0,5.0
3131,32,11,12624,-1,4.0,2.0
3132,32,12,4819,1,2.0,1.0
3133,32,13,2567,1,2.0,1.0
3134,32,14,10731,-1,4.0,4.0
3135,32,15,3303,-1,0.0,2.0
3136,32,16,5300,-1,1.0,5.0
3137,32,17,9697,1,4.0,3.0
3138,32,18,3098,-1,0.0,4.0
3139,32,19,14014,-1,2.0,4.0
3140,32,20,13465,-1,3.0,0.0
3141,32,21,3587,1,2.0,4.0
3142,32,22,3738,1,3.0,1.0
3143,32,23,1965,1,2.0,2.0
3144,32,24,2459,1,2.0,1.0
3145,32,25,4585,1,2.0,4.0
3146,32,26,5450,1,4.0,2.0
3147,32,27,3348,-1,3.0,2.0
3148,32,28,2413,1,2.0,2.0
3149,32,29,11206,-1,5.0,4.0
3150,32,30,2865,1,5.0,4.0
3151,32,31,3809,-1,3.0,3.0
3152,32,32,4112,1,4.0,5.0
3153,32,33,3101,1,3.0,0.0
3154,32,34,8950,-1,5.0,2.0
3155,32,35,3522,1,5.0,2.0
3156,32,36,1510,1,4.0,1.0
3157,32,37,19246,-1,2.0,2.0
3158,32,38,2955,1,2.0,2.0
3159,32,39,1193,-1,2.0,4.0
3160,32,40,6231,-1,0.0,1.0
3161,32,41,3011,-1,0.0,0.0
3162,32,42,2409,1,3.0,4.0
3163,32,43,2435,-1,4.0,2.0
3164,32,44,4272,-1,1.0,5.0
3165,32,45,1771,-1,1.0,5.0
3166,32,46,1553,1,0.0,0.0
3167,32,47,2131,1,5.0,1.0
3168,32,48,4454,-1,5.0,2.0
3169,32,49,2067,-1,3.0,3.0
3170,32,50,6613,-1,3.0,2.0
3171,32,51,2693,1,2.0,4.0
3172,32,52,1925,-1,1.0,2.0
3173,32,53,2451,-1,2.0,2.0
3174,32,54,2078,-1,1.0,2.0
3175,32,55,1469,1,2.0,1.0
3176,32,56,3927,1,2.0,5.0
3177,32,57,2599,-1,2.0,5.0
3178,32,58,1374,-1,4.0,2.0
3179,32,59,3849,-1,3.0,4.0
3180,32,60,2617,-1,0.0,5.0
3181,32,61,1495,1,3.0,2.0
3182,32,62,14139,1,5.0,5.0
3183,32,63,1621,1,4.0,5.0
3184,32,64,2360,1,0.0,3.0
3185,32,65,1419,-1,0.0,5.0
3186,32,66,1320,-1,1.0,5.0
3187,32,67,2079,-1,1.0,0.0
3188,32,68,2503,1,2.0,1.0
3189,32,69,4697,1,3.0,3.0
3190,32,70,2904,1,0.0,3.0
3191,32,71,2019,-1,1.0,4.0
3192,32,72,2119,-1,1.0,2.0
3193,32,73,3313,1,2.0,1.0
3194,32,74,2779,-1,5.0,2.0
3195,32,75,2323,1,2.0,3.0
3196,32,76,3587,1,4.0,2.0
3197,32,77,5054,1,2.0,4.0
3198,32,78,10933,-1,4.0,2.0
3199,32,79,1969,-1,5.0,5.0
3200,32,80,2672,1,2.0,0.0
3201,32,81,2326,-1,0.0,3.0
3202,32,82,3109,-1,1.0,2.0
3203,32,83,8439,-1,4.0,5.0
3204,32,84,7520,-1,5.0,2.0
3205,32,85,2417,1,5.0,1.0
3206,32,86,2522,-1,4.0,2.0
3207,32,87,3021,1,5.0,0.0
3208,32,88,1651,1,5.0,0.0
3209,32,89,5081,-1,2.0,2.0
3210,32,90,3538,-1,2.0,4.0
3211,32,91,2058,-1,5.0,5.0
3212,32,92,1332,-1,1.0,2.0
3213,32,93,1279,-1,1.0,2.0
3214,32,94,1766,1,2.0,5.0
3215,32,95,1993,1,2.0,5.0
3216,32,96,3741,1,2.0,3.0
3217,32,97,1568,-1,5.0,3.0
3218,32,98,2885,1,3.0,3.0
3219,32,99,4836,-1,4.0,3.0
3220,32,100,3805,1,3.0,0.0
3221,32,101,2083,-1,4.0,2.0
3222,32,102,2144,1,0.0,0.0
3223,32,103,1048,-1,4.0,2.0
3224,32,104,2220,-1,2.0,2.0
3225,32,105,4032,1,2.0,4.0
3226,32,106,1542,-1,5.0,4.0
3227,32,107,2121,1,4.0,0.0
3228,32,108,2933,1,2.0,1.0
3229,32,109,2473,1,0.0,5.0
3230,32,110,2796,-1,0.0,0.0
3231,32,111,3799,1,2.0,2.0
3232,32,112,3273,-1,1.0,3.0
3233,32,113,2381,1,4.0,4.0
3234,32,114,3845,1,5.0,1.0
3235,32,115,1517,1,5.0,1.0
3236,32,116,4989,-1,1.0,2.0
3237,32,117,1742,-1,2.0,2.0
3238,32,118,17190,1,2.0,2.0
3239,32,119,2007,1,2.0,5.0
3240,34,0,4101,-1,3.0,2.0
3241,34,1,1766,-1,2.0,4.0
3242,34,2,1519,-1,3.0,4.0
3243,34,3,1537,1,2.0,2.0
3244,34,4,2095,1,4.0,2.0
3245,34,5,1470,-1,1.0,2.0
3246,34,6,1394,1,2.0,2.0
3247,34,7,1287,1,3.0,2.0
3248,34,8,2019,-1,2.0,4.0
3249,34,9,1489,1,4.0,2.0
3250,34,10,1580,1,2.0,1.0
3251,34,11,2929,1,4.0,4.0
3252,34,12,2271,1,4.0,2.0
3253,34,13,1267,-1,3.0,3.0
3254,34,14,1697,-1,1.0,2.0
3255,34,15,2221,1,4.0,4.0
3256,34,16,2517,-1,2.0,4.0
3257,34,17,2198,1,4.0,2.0
3258,34,18,1366,1,2.0,4.0
3259,34,19,1169,-1,1.0,3.0
3260,34,20,1402,1,3.0,1.0
3261,34,21,1264,-1,1.0,2.0
3262,34,22,1502,1,3.0,3.0
3263,34,23,2874,1,2.0,4.0
3264,34,24,1981,-1,2.0,4.0
3265,34,25,2145,1,2.0,2.0
3266,34,26,1801,-1,1.0,2.0
3267,34,27,1540,-1,1.0,1.0
3268,34,28,3002,-1,2.0,2.0
3269,34,29,1658,-1,1.0,4.0
3270,34,30,1838,1,2.0,2.0
3271,34,31,1426,-1,1.0,2.0
3272,34,32,628,-1,3.0,2.0
3273,34,33,3859,-1,2.0,1.0
3274,34,34,1574,1,4.0,4.0
3275,34,35,2088,-1,2.0,4.0
3276,34,36,1802,-1,1.0,2.0
3277,34,37,1819,-1,2.0,4.0
3278,34,38,2086,1,3.0,3.0
3279,34,39,2086,1,4.0,4.0
3280,34,40,1965,1,4.0,2.0
3281,34,41,1525,1,2.0,2.0
3282,34,42,1904,-1,3.0,3.0
3283,34,43,1477,-1,4.0,4.0
3284,34,44,1766,-1,2.0,4.0
3285,34,45,2567,-1,2.0,3.0
3286,34,46,1852,-1,3.0,4.0
3287,34,47,1661,1,2.0,1.0
3288,34,48,3661,1,4.0,4.0
3289,34,49,1965,-1,2.0,4.0
3290,34,50,1367,1,4.0,1.0
3291,34,51,2547,-1,2.0,3.0
3292,34,52,1945,-1,2.0,4.0
3293,34,53,5049,1,4.0,2.0
3294,34,54,1410,1,2.0,2.0
3295,34,55,2048,-1,2.0,1.0
3296,34,56,3405,-1,2.0,2.0
3297,34,57,1957,1,2.0,3.0
3298,34,58,1332,-1,3.0,2.0
3299,34,59,1868,-1,1.0,3.0
3300,34,60,1324,1,3.0,2.0
3301,34,61,4716,-1,2.0,4.0
3302,34,62,1225,1,2.0,3.0
3303,34,63,1674,-1,1.0,3.0
3304,34,64,2678,-1,2.0,2.0
3305,34,65,2060,1,2.0,1.0
3306,34,66,1818,-1,2.0,4.0
3307,34,67,1707,1,2.0,2.0
3308,34,68,2411,-1,3.0,4.0
3309,34,69,1403,-1,3.0,2.0
3310,34,70,4120,-1,4.0,4.0
3311,34,71,2113,-1,3.0,1.0
3312,34,72,1632,1,4.0,2.0
3313,34,73,1264,1,2.0,3.0
3314,34,74,1891,1,1.0,1.0
3315,34,75,1335,1,4.0,3.0
3316,34,76,3517,1,4.0,2.0
3317,34,77,2783,-1,1.0,2.0
3318,34,78,1783,-1,4.0,2.0
3319,34,79,4568,-1,2.0,2.0
3320,34,80,2086,1,3.0,1.0
3321,34,81,1680,1,2.0,2.0
3322,34,82,1154,-1,4.0,2.0
3323,34,83,1618,-1,3.0,2.0
3324,34,84,1341,1,2.0,1.0
3325,34,85,1503,-1,3.0,2.0
3326,34,86,1061,1,2.0,3.0
3327,34,87,1299,-1,2.0,2.0
3328,34,88,1318,-1,2.0,2.0
3329,34,89,1403,1,4.0,2.0
3330,34,90,1038,-1,3.0,3.0
3331,34,91,1515,-1,2.0,4.0
3332,34,92,1690,-1,2.0,2.0
3333,34,93,1468,1,2.0,2.0
3334,34,94,1483,-1,2.0,2.0
3335,34,95,1749,-1,4.0,4.0
3336,34,96,1569,-1,2.0,3.0
3337,34,97,1764,-1,4.0,4.0
3338,34,98,1339,1,2.0,1.0
3339,34,99,1418,1,4.0,2.0
3340,34,100,1421,-1,2.0,4.0
3341,34,101,1113,-1,3.0,3.0
3342,34,102,1427,-1,4.0,3.0
3343,34,103,1457,-1,2.0,3.0
3344,34,104,1495,-1,1.0,3.0
3345,34,105,1207,1,3.0,1.0
3346,34,106,1818,-1,4.0,4.0
3347,34,107,2552,1,3.0,2.0
3348,34,108,1029,-1,2.0,3.0
3349,34,109,991,1,4.0,2.0
3350,34,110,1450,1,2.0,1.0
3351,34,111,1329,1,1.0,2.0
3352,34,112,1187,1,2.0,1.0
3353,34,113,1720,1,4.0,3.0
3354,34,114,2022,1,2.0,2.0
3355,34,115,1291,1,4.0,2.0
3356,34,116,1091,1,4.0,2.0
3357,34,117,1469,-1,4.0,2.0
3358,34,118,504,-1,1.0,2.0
3359,34,119,1519,-1,2.0,4.0
3360,35,0,10389,1,4.0,2.0
3361,35,1,12281,1,1.0,5.0
3362,35,2,4655,1,1.0,1.0
3363,35,3,12876,1,1.0,2.0
3364,35,4,13115,1,5.0,0.0
3365,35,5,8251,-1,1.0,2.0
3366,35,6,11508,1,2.0,1.0
3367,35,7,4466,-1,1.0,3.0
3368,35,8,6881,-1,2.0,5.0
3369,35,9,8822,1,5.0,2.0
3370,35,10,6250,-1,2.0,4.0
3371,35,11,11204,1,2.0,5.0
3372,35,12,7518,1,2.0,1.0
3373,35,13,7205,1,2.0,2.0
3374,35,14,13544,1,4.0,4.0
3375,35,15,4710,1,5.0,2.0
3376,35,16,18861,-1,5.0,5.0
3377,35,17,6362,-1,0.0,2.0
3378,35,18,5917,-1,2.0,1.0
3379,35,19,4726,-1,2.0,2.0
3380,35,20,9799,1,1.0,2.0
3381,35,21,2915,-1,2.0,0.0
3382,35,22,6992,1,5.0,5.0
3383,35,23,6918,-1,1.0,1.0
3384,35,24,7310,1,5.0,2.0
3385,35,25,9781,1,5.0,3.0
3386,35,26,7165,1,4.0,2.0
3387,35,27,5585,-1,3.0,1.0
3388,35,28,6547,1,1.0,2.0
3389,35,29,4067,1,1.0,1.0
3390,35,30,12814,-1,4.0,2.0
3391,35,31,9606,1,2.0,2.0
3392,35,32,6417,-1,0.0,5.0
3393,35,33,6470,1,2.0,1.0
3394,35,34,6685,-1,2.0,2.0
3395,35,35,15820,1,3.0,5.0
3396,35,36,7056,-1,2.0,5.0
3397,35,37,4696,1,1.0,1.0
3398,35,38,14234,-1,1.0,4.0
3399,35,39,6289,1,5.0,1.0
3400,35,40,5010,-1,1.0,1.0
3401,35,41,3275,-1,2.0,5.0
3402,35,42,2098,1,2.0,1.0
3403,35,43,6506,-1,2.0,1.0
3404,35,44,2409,1,4.0,2.0
3405,35,45,2063,-1,1.0,1.0
3406,35,46,7143,1,5.0,3.0
3407,35,47,5394,-1,1.0,3.0
3408,35,48,1950,1,5.0,2.0
3409,35,49,5563,1,2.0,1.0
3410,35,50,2133,1,2.0,4.0
3411,35,51,3771,1,5.0,2.0
3412,35,52,1855,1,4.0,1.0
3413,35,53,4640,1,5.0,3.0
3414,35,54,1858,-1,2.0,1.0
3415,35,55,3817,-1,2.0,2.0
3416,35,56,6495,-1,4.0,1.0
3417,35,57,4248,1,1.0,1.0
3418,35,58,7419,1,2.0,5.0
3419,35,59,2882,-1,1.0,2.0
3420,35,60,3919,-1,4.0,3.0
3421,35,61,1913,-1,2.0,2.0
3422,35,62,3954,-1,1.0,1.0
3423,35,63,2453,1,1.0,3.0
3424,35,64,3666,1,1.0,1.0
3425,35,65,11719,1,2.0,2.0
3426,35,66,2004,1,5.0,1.0
3427,35,67,2707,1,5.0,1.0
3428,35,68,4168,-1,1.0,2.0
3429,35,69,3429,-1,1.0,4.0
3430,35,70,3487,-1,5.0,2.0
3431,35,71,4041,-1,4.0,4.0
3432,35,72,1788,1,2.0,1.0
3433,35,73,2805,-1,5.0,5.0
3434,35,74,2061,1,3.0,1.0
3435,35,75,3652,-1,1.0,5.0
3436,35,76,3311,1,5.0,5.0
3437,35,77,3253,-1,1.0,5.0
3438,35,78,743,-1,2.0,2.0
3439,35,79,1876,1,2.0,2.0
3440,35,80,5133,1,0.0,5.0
3441,35,81,1467,-1,1.0,5.0
3442,35,82,5220,-1,5.0,5.0
3443,35,83,1826,-1,1.0,1.0
3444,35,84,2090,-1,5.0,1.0
3445,35,85,2623,-1,2.0,1.0
3446,35,86,3497,-1,3.0,5.0
3447,35,87,3019,-1,2.0,5.0
3448,35,88,2354,1,4.0,1.0
3449,35,89,2661,-1,2.0,1.0
3450,35,90,1743,1,4.0,1.0
3451,35,91,1587,-1,4.0,5.0
3452,35,92,5115,-1,2.0,5.0
3453,35,93,5217,-1,1.0,5.0
3454,35,94,6030,-1,1.0,3.0
3455,35,95,3778,1,2.0,2.0
3456,35,96,5407,-1,5.0,1.0
3457,35,97,2174,1,2.0,0.0
3458,35,98,2847,-1,3.0,5.0
3459,35,99,3291,1,5.0,2.0
3460,35,100,4987,-1,2.0,5.0
3461,35,101,4128,-1,1.0,1.0
3462,35,102,3855,-1,2.0,2.0
3463,35,103,1922,1,1.0,4.0
3464,35,104,3014,1,1.0,2.0
3465,35,105,2150,1,0.0,2.0
3466,35,106,7763,1,1.0,2.0
3467,35,107,2781,1,3.0,1.0
3468,35,108,1573,1,1.0,1.0
3469,35,109,3015,1,2.0,4.0
3470,35,110,2944,-1,1.0,2.0
3471,35,111,1934,1,1.0,2.0
3472,35,112,2872,1,3.0,1.0
3473,35,113,5376,-1,1.0,1.0
3474,35,114,2706,1,1.0,1.0
3475,35,115,3084,1,5.0,0.0
3476,35,116,2288,1,1.0,2.0
3477,35,117,3319,-1,1.0,5.0
3478,35,118,4068,-1,3.0,5.0
3479,35,119,4507,1,2.0,2.0
3480,36,0,2979,-1,2.0,3.0
3481,36,1,5796,-1,5.0,0.0
3482,36,2,3885,1,2.0,2.0
3483,36,3,3259,-1,0.0,1.0
3484,36,4,4394,-1,5.0,0.0
3485,36,5,3168,1,0.0,0.0
3486,36,6,6183,1,3.0,5.0
3487,36,7,4436,-1,0.0,3.0
3488,36,8,1963,-1,1.0,1.0
3489,36,9,5075,-1,3.0,5.0
3490,36,10,6062,-1,0.0,5.0
3491,36,11,5352,1,0.0,1.0
3492,36,12,1985,1,1.0,1.0
3493,36,13,1887,-1,5.0,5.0
3494,36,14,1937,-1,5.0,1.0
3495,36,15,4144,-1,3.0,2.0
3496,36,16,5704,-1,0.0,2.0
3497,36,17,1955,1,2.0,1.0
3498,36,18,3765,1,5.0,0.0
3499,36,19,2026,1,3.0,2.0
3500,36,20,3670,1,1.0,0.0
3501,36,21,2594,-1,0.0,1.0
3502,36,22,2082,1,3.0,1.0
3503,36,23,6672,-1,1.0,3.0
3504,36,24,5802,1,0.0,0.0
3505,36,25,8729,-1,0.0,2.0
3506,36,26,3054,1,3.0,5.0
3507,36,27,3236,-1,1.0,5.0
3508,36,28,2963,-1,2.0,0.0
3509,36,29,3559,-1,5.0,3.0
3510,36,30,2356,1,4.0,0.0
3511,36,31,5576,1,5.0,0.0
3512,36,32,5173,-1,0.0,3.0
3513,36,33,2548,1,2.0,1.0
3514,36,34,2538,1,3.0,2.0
3515,36,35,2609,-1,2.0,5.0
3516,36,36,1734,-1,0.0,5.0
3517,36,37,3102,1,3.0,5.0
3518,36,38,3116,-1,1.0,5.0
3519,36,39,3175,1,3.0,5.0
3520,36,40,6834,-1,0.0,0.0
3521,36,41,5137,-1,4.0,5.0
3522,36,42,5040,-1,1.0,3.0
3523,36,43,4820,-1,5.0,5.0
3524,36,44,2776,-1,0.0,3.0
3525,36,45,2208,1,2.0,0.0
3526,36,46,2687,1,3.0,1.0
3527,36,47,4887,-1,0.0,5.0
3528,36,48,1776,-1,1.0,0.0
3529,36,49,3688,-1,3.0,0.0
3530,36,50,1931,1,1.0,5.0
3531,36,51,4309,-1,5.0,0.0
3532,36,52,2584,1,5.0,1.0
3533,36,53,3315,1,5.0,3.0
3534,36,54,4567,1,0.0,5.0
3535,36,55,4046,1,0.0,1.0
3536,36,56,3695,1,2.0,1.0
3537,36,57,1499,-1,0.0,0.0
3538,36,58,2211,1,5.0,3.0
3539,36,59,3111,1,3.0,2.0
3540,36,60,2267,1,5.0,5.0
3541,36,61,1991,1,3.0,0.0
3542,36,62,1883,-1,0.0,0.0
3543,36,63,3294,-1,1.0,1.0
3544,36,64,4943,-1,0.0,5.0
3545,36,65,1767,-1,2.0,1.0
3546,36,66,3222,-1,0.0,0.0
3547,36,67,2586,1,0.0,5.0
3548,36,68,3819,1,1.0,2.0
3549,36,69,5771,-1,5.0,3.0
3550,36,70,2468,1,0.0,0.0
3551,36,71,2557,-1,2.0,1.0
3552,36,72,6305,-1,0.0,5.0
3553,36,73,2647,1,1.0,0.0
3554,36,74,2821,-1,5.0,3.0
3555,36,75,2887,1,2.0,5.0
3556,36,76,4328,1,5.0,3.0
3557,36,77,8627,1,3.0,1.0
3558,36,78,2213,-1,5.0,0.0
3559,36,79,3460,1,0.0,5.0
3560,36,80,2246,-1,2.0,3.0
3561,36,81,3629,1,5.0,0.0
3562,36,82,2447,1,2.0,2.0
3563,36,83,4052,-1,0.0,1.0
3564,36,84,3336,1,5.0,0.0
3565,36,85,1915,1,0.0,0.0
3566,36,86,3733,1,3.0,5.0
3567,36,87,3833,1,0.0,3.0
3568,36,88,2376,-1,1.0,1.0
3569,36,89,2037,-1,3.0,5.0
3570,36,90,2393,1,0.0,5.0
3571,36,91,2029,1,0.0,1.0
3572,36,92,1728,1,1.0,1.0
3573,36,93,2256,-1,5.0,5.0
3574,36,94,1801,1,5.0,1.0
3575,36,95,2108,-1,3.0,2.0
3576,36,96,2039,-1,0.0,2.0
3577,36,97,1780,1,2.0,1.0
3578,36,98,1563,-1,5.0,0.0
3579,36,99,1749,1,3.0,2.0
3580,36,100,4093,-1,1.0,0.0
3581,36,101,2985,1,0.0,1.0
3582,36,102,1260,1,3.0,1.0
3583,36,103,2212,-1,1.0,3.0
3584,36,104,1448,1,0.0,0.0
3585,36,105,7832,1,0.0,2.0
3586,36,106,1974,-1,3.0,5.0
3587,36,107,1973,-1,1.0,5.0
3588,36,108,1709,-1,2.0,0.0
3589,36,109,2462,1,5.0,3.0
3590,36,110,4445,1,4.0,0.0
3591,36,111,6463,1,5.0,0.0
3592,36,112,2098,1,0.0,3.0
3593,36,113,9211,-1,2.0,1.0
3594,36,114,1885,1,3.0,2.0
3595,36,115,1729,-1,2.0,5.0
3596,36,116,8373,1,0.0,5.0
3597,36,117,2992,1,3.0,5.0
3598,36,118,1640,-1,1.0,5.0
3599,36,119,2761,1,3.0,5.0
3600,39,0,23506,1,4.0,3.0
3601,39,1,3916,1,3.0,3.0
3602,39,2,3182,-1,3.0,2.0
3603,39,3,2204,-1,1.0,2.0
3604,39,4,7430,1,3.0,1.0
3605,39,5,4646,-1,1.0,3.0
3606,39,6,6545,1,2.0,1.0
3607,39,7,5827,-1,4.0,3.0
3608,39,8,3360,1,4.0,1.0
3609,39,9,6354,-1,3.0,3.0
3610,39,10,4431,-1,3.0,3.0
3611,39,11,5403,1,3.0,4.0
3612,39,12,3320,-1,1.0,3.0
3613,39,13,4550,1,3.0,1.0
3614,39,14,6031,1,3.0,1.0
3615,39,15,3199,1,1.0,1.0
3616,39,16,6108,-1,3.0,3.0
3617,39,17,5986,-1,2.0,3.0
3618,39,18,1806,1,3.0,3.0
3619,39,19,6331,-1,1.0,1.0
3620,39,20,4742,-1,3.0,3.0
3621,39,21,8464,-1,4.0,4.0
3622,39,22,7012,-1,2.0,3.0
3623,39,23,10804,1,3.0,2.0
3624,39,24,11732,-1,3.0,3.0
3625,39,25,3834,-1,1.0,3.0
3626,39,26,8408,-1,3.0,3.0
3627,39,27,3200,1,3.0,1.0
3628,39,28,5024,1,2.0,4.0
3629,39,29,5594,-1,1.0,4.0
3630,39,30,6295,1,4.0,3.0
3631,39,31,3387,1,3.0,3.0
3632,39,32,4213,-1,1.0,1.0
3633,39,33,9397,-1,1.0,3.0
3634,39,34,4945,1,4.0,2.0
3635,39,35,2142,1,3.0,1.0
3636,39,36,6442,-1,4.0,2.0
3637,39,37,3647,1,3.0,4.0
3638,39,38,6292,-1,3.0,3.0
3639,39,39,3688,1,2.0,1.0
3640,39,40,3668,-1,1.0,3.0
3641,39,41,2351,1,2.0,1.0
3642,39,42,2922,-1,1.0,1.0
3643,39,43,8109,-1,3.0,2.0
3644,39,44,6807,1,4.0,4.0
3645,39,45,5397,1,3.0,3.0
3646,39,46,4856,-1,1.0,3.0
3647,39,47,5477,1,3.0,3.0
3648,39,48,5040,-1,1.0,2.0
3649,39,49,3517,1,3.0,4.0
3650,39,50,5849,-1,1.0,1.0
3651,39,51,3049,-1,1.0,4.0
3652,39,52,2881,1,1.0,3.0
3653,39,53,5881,1,4.0,1.0
3654,39,54,2165,-1,2.0,3.0
3655,39,55,3136,1,3.0,1.0
3656,39,56,4168,-1,3.0,4.0
3657,39,57,4451,1,3.0,3.0
3658,39,58,2554,-1,1.0,3.0
3659,39,59,4393,1,3.0,3.0
3660,39,60,3045,1,3.0,1.0
3661,39,61,2918,-1,1.0,3.0
3662,39,62,2859,1,2.0,1.0
3663,39,63,2373,-1,2.0,4.0
3664,39,64,6841,-1,1.0,1.0
3665,39,65,3286,1,3.0,3.0
3666,39,66,5436,1,3.0,1.0
3667,39,67,2310,-1,1.0,3.0
3668,39,68,2072,1,1.0,1.0
3669,39,69,4191,-1,4.0,3.0
3670,39,70,3020,1,3.0,4.0
3671,39,71,3719,-1,3.0,3.0
3672,39,72,1827,1,3.0,1.0
3673,39,73,2118,-1,1.0,3.0
3674,39,74,2403,1,3.0,2.0
3675,39,75,2705,1,3.0,2.0
3676,39,76,1522,1,2.0,2.0
3677,39,77,4371,-1,3.0,4.0
3678,39,78,1978,-1,1.0,3.0
3679,39,79,1898,-1,3.0,3.0
3680,39,80,2660,1,4.0,2.0
3681,39,81,3199,1,1.0,4.0
3682,39,82,4957,-1,1.0,2.0
3683,39,83,6888,-1,3.0,3.0
3684,39,84,9881,1,1.0,3.0
3685,39,85,1935,-1,1.0,2.0
3686,39,86,2920,-1,3.0,3.0
3687,39,87,5997,1,1.0,4.0
3688,39,88,4725,1,3.0,4.0
3689,39,89,6044,-1,1.0,1.0
3690,39,90,2217,1,3.0,3.0
3691,39,91,3938,-1,3.0,1.0
3692,39,92,1679,1,3.0,1.0
3693,39,93,1891,-1,1.0,3.0
3694,39,94,3311,-1,3.0,1.0
3695,39,95,7395,-1,4.0,3.0
3696,39,96,1532,-1,1.0,1.0
3697,39,97,2516,-1,2.0,4.0
3698,39,98,2287,1,2.0,1.0
3699,39,99,2397,1,3.0,3.0
3700,39,100,5064,1,1.0,1.0
3701,39,101,3199,1,4.0,3.0
3702,39,102,3206,1,3.0,3.0
3703,39,103,3157,-1,4.0,2.0
3704,39,104,3591,1,1.0,2.0
3705,39,105,6740,1,3.0,1.0
3706,39,106,2241,-1,2.0,3.0
3707,39,107,1777,1,3.0,1.0
3708,39,108,2463,-1,2.0,2.0
3709,39,109,1785,-1,2.0,4.0
3710,39,110,1538,1,4.0,1.0
3711,39,111,3255,-1,3.0,3.0
3712,39,112,3410,1,2.0,3.0
3713,39,113,10780,1,1.0,3.0
3714,39,114,3989,1,3.0,4.0
3715,39,115,4521,1,3.0,1.0
3716,39,116,10064,-1,4.0,1.0
3717,39,117,4791,1,3.0,3.0
3718,39,118,3853,1,4.0,3.0
3719,39,119,1933,1,4.0,3.0
