,subject,trial,choice,rt,item_value_0,item_value_1,gaze_0,gaze_1
0,0,0,0,2009,0,5,0.5683962260000001,0.431603774
2,0,2,1,1700,0,5,0.446808511,0.553191489
4,0,4,1,1889,5,5,0.529736358,0.47026364200000004
6,0,6,0,4259,0,4,0.482253661,0.517746339
8,0,8,0,2548,0,4,0.528497409,0.471502591
10,0,10,0,4604,0,5,0.537755336,0.46224466399999997
12,0,12,0,5716,0,5,0.584665698,0.41533430200000004
14,0,14,0,2447,0,5,0.586021505,0.413978495
16,0,16,1,6932,5,5,0.585313175,0.414686825
18,0,18,0,6854,4,2,0.591491929,0.40850807100000003
20,0,20,0,2913,0,2,0.553135561,0.446864439
22,0,22,1,2110,4,5,0.373274434,0.6267255660000001
24,0,24,1,2456,2,5,0.34350797299999997,0.656492027
26,0,26,1,7010,0,3,0.472887768,0.527112232
28,0,28,1,2697,0,3,0.367032075,0.632967925
30,0,30,1,1916,3,5,0.407250755,0.592749245
32,0,32,1,1441,0,4,0.46179402,0.53820598
34,0,34,1,7377,4,5,0.601685067,0.398314933
36,0,36,0,6398,3,5,0.59428293,0.40571707
38,0,38,0,4737,3,4,0.5494088779999999,0.450591122
40,0,40,1,3454,4,4,0.411978956,0.588021044
42,0,42,1,1728,0,4,0.348913759,0.651086241
44,0,44,1,519,0,4,1.0,0.0
46,0,46,1,3216,0,4,0.49001331600000003,0.509986684
48,0,48,0,1467,5,5,0.573905863,0.42609413700000004
50,0,50,1,1472,0,3,0.385869565,0.614130435
52,0,52,1,5621,5,3,0.476261128,0.523738872
54,0,54,1,3167,0,5,0.434336525,0.565663475
56,0,56,0,2066,3,2,0.571274298,0.42872570200000004
58,0,58,0,2037,4,3,0.617021277,0.38297872299999997
60,0,60,1,1235,0,4,0.499001996,0.5009980039999999
62,0,62,1,1764,0,4,0.31723237600000004,0.682767624
64,0,64,1,2365,0,5,0.594475138,0.40552486200000004
66,0,66,0,5406,3,1,0.6913234709999999,0.308676529
68,0,68,0,5198,2,1,0.672184094,0.327815906
70,0,70,1,3167,3,5,0.47427598,0.52572402
72,0,72,1,1655,4,5,0.411974341,0.588025659
74,0,74,0,2637,0,5,0.647326507,0.35267349299999995
76,0,76,0,1854,5,3,0.56234414,0.43765586
78,0,78,0,1979,0,3,0.579585649,0.420414351
80,0,80,0,2166,0,4,0.499076639,0.500923361
82,0,82,1,1491,0,3,0.356012658,0.6439873420000001
84,0,84,1,2250,3,4,0.486486486,0.513513514
86,0,86,1,2098,4,4,0.484177215,0.515822785
88,0,88,0,2002,4,4,0.5576496670000001,0.442350333
90,0,90,0,4340,2,4,0.573552025,0.426447975
92,0,92,1,2755,3,5,0.46038034899999997,0.539619651
94,0,94,1,1866,1,4,0.370461538,0.6295384620000001
96,0,96,1,4828,0,4,0.533101802,0.466898198
98,0,98,0,2106,5,4,0.626975764,0.373024236
100,0,100,0,4574,5,4,0.553579571,0.446420429
102,0,102,1,1739,0,4,0.384870604,0.615129396
104,0,104,0,4432,4,5,0.662248405,0.337751595
106,0,106,1,1533,0,5,0.319634703,0.680365297
108,0,108,0,1545,3,3,0.561685824,0.438314176
110,0,110,1,1544,2,3,0.38830584700000004,0.611694153
112,0,112,1,1712,0,4,0.37149532700000004,0.628504673
114,0,114,0,1618,0,4,0.659269864,0.340730136
116,0,116,0,1715,5,1,0.596549436,0.403450564
118,0,118,1,1454,0,1,0.526170799,0.47382920100000003
0,1,0,1,3113,5,5,0.530627306,0.469372694
2,1,2,0,2400,0,5,0.5558333329999999,0.444166667
4,1,4,0,3446,0,5,0.5797527960000001,0.420247204
6,1,6,0,2389,0,5,0.742570113,0.25742988699999997
8,1,8,1,3249,0,5,0.414896891,0.585103109
10,1,10,0,1994,0,5,0.5,0.5
12,1,12,0,1886,0,5,0.6521739129999999,0.347826087
14,1,14,1,3299,0,5,0.19399818100000002,0.806001819
16,1,16,0,2952,0,5,0.5711382110000001,0.428861789
18,1,18,1,3498,0,5,0.961875,0.038125
20,1,20,1,2513,2,5,0.37454837399999996,0.625451626
22,1,22,0,3314,2,5,0.679079625,0.320920375
24,1,24,1,2393,5,5,0.378213508,0.621786492
26,1,26,0,3130,5,2,0.671848014,0.328151986
28,1,28,0,1777,0,5,0.375351716,0.6246482839999999
30,1,30,0,2762,5,2,0.6525612470000001,0.347438753
32,1,32,0,2631,5,5,0.7673888259999999,0.23261117399999998
34,1,34,1,2059,0,2,0.629834254,0.370165746
36,1,36,0,1721,0,5,0.39951573799999995,0.600484262
38,1,38,1,2177,5,5,0.38631143799999995,0.613688562
40,1,40,1,2362,0,5,0.34537246,0.65462754
42,1,42,0,1769,0,5,0.614927905,0.385072095
44,1,44,1,1194,2,5,0.529313233,0.470686767
46,1,46,0,1716,5,5,0.6672494170000001,0.332750583
48,1,48,1,1241,0,5,0.6365834,0.3634166
50,1,50,0,1160,0,5,0.6008620689999999,0.399137931
52,1,52,0,1158,0,2,0.47409326399999996,0.525906736
54,1,54,1,1069,0,5,0.557530402,0.44246959799999996
56,1,56,1,1124,5,5,0.580071174,0.41992882600000003
58,1,58,0,1020,0,5,0.598039216,0.40196078399999996
60,1,60,0,1254,5,5,0.640350877,0.35964912299999996
62,1,62,1,1184,0,2,0.530405405,0.469594595
64,1,64,0,2056,2,5,0.762159533,0.237840467
66,1,66,1,1123,2,5,0.59839715,0.40160285
68,1,68,0,1927,0,5,0.769071095,0.230928905
70,1,70,1,1177,0,5,0.5768903989999999,0.423109601
72,1,72,1,1127,2,2,0.562555457,0.43744454299999996
74,1,74,1,1574,2,5,0.620076239,0.379923761
76,1,76,1,1247,0,2,0.594226143,0.405773857
78,1,78,0,1163,0,5,0.626827171,0.373172829
80,1,80,1,1829,5,5,0.504962779,0.495037221
82,1,82,0,1335,0,5,0.5136842110000001,0.486315789
84,1,84,0,1322,0,5,0.710059172,0.289940828
86,1,86,0,1385,0,5,0.573584906,0.426415094
88,1,88,1,1358,0,5,0.627393225,0.372606775
90,1,90,0,1382,0,5,0.672955975,0.327044025
92,1,92,0,1058,0,5,0.604914934,0.39508506600000004
94,1,94,1,1057,0,5,0.586565752,0.41343424799999995
96,1,96,0,1375,0,5,0.703272727,0.296727273
98,1,98,1,1925,0,5,0.826625387,0.173374613
100,1,100,1,1320,2,5,0.675757576,0.324242424
102,1,102,0,1506,2,5,0.714991763,0.285008237
104,1,104,1,959,5,5,0.561001043,0.438998957
106,1,106,0,1176,5,2,0.657312925,0.342687075
108,1,108,0,1045,0,5,0.615311005,0.384688995
110,1,110,0,1112,5,2,0.644784173,0.35521582700000004
112,1,112,0,1188,5,5,0.7142857140000001,0.28571428600000004
114,1,114,1,1345,0,2,0.77034358,0.22965642
116,1,116,0,816,0,5,0.49877451,0.50122549
118,1,118,1,1032,5,5,0.627906977,0.37209302299999997
0,2,0,0,4138,2,1,0.7437384659999999,0.25626153399999996
2,2,2,0,1521,2,2,0.575352635,0.424647365
4,2,4,1,1921,2,4,0.36798991799999997,0.6320100820000001
6,2,6,0,3630,2,2,0.27813041,0.72186959
8,2,8,0,5770,4,3,0.268957992,0.731042008
10,2,10,0,1616,2,1,0.5940594060000001,0.405940594
12,2,12,1,1554,2,3,0.521060842,0.478939158
14,2,14,0,2592,2,1,0.6178571429999999,0.382142857
16,2,16,1,4961,3,2,0.604716791,0.39528320899999997
18,2,18,1,2382,3,4,0.518683274,0.48131672600000003
20,2,20,1,1506,1,3,0.490566038,0.509433962
22,2,22,1,1683,2,4,0.700960219,0.299039781
24,2,24,0,1236,2,1,0.41262135899999997,0.587378641
26,2,26,0,3641,2,3,0.288382313,0.711617687
28,2,28,1,2387,2,4,0.6585912970000001,0.341408703
30,2,30,0,3178,2,2,0.41328273200000004,0.586717268
32,2,32,1,2266,2,3,0.35266159700000005,0.647338403
34,2,34,0,1914,2,2,0.607843137,0.39215686299999997
36,2,36,0,3482,2,2,0.301550833,0.698449167
38,2,38,1,1643,2,2,0.371272063,0.6287279370000001
40,2,40,0,3014,3,2,0.736674622,0.263325378
42,2,42,0,1962,3,1,0.300713558,0.699286442
44,2,44,1,2794,1,1,0.43235504700000005,0.567644953
46,2,46,1,5363,2,2,0.528062652,0.471937348
48,2,48,0,1041,3,1,0.5408261289999999,0.459173871
50,2,50,0,1479,4,2,0.564570656,0.435429344
52,2,52,0,2726,4,2,0.631327953,0.368672047
54,2,54,1,1629,2,4,0.47513812200000005,0.524861878
56,2,56,0,1625,3,4,0.698461538,0.301538462
58,2,58,1,5695,1,1,0.431606673,0.568393327
60,2,60,1,1108,1,4,0.634476534,0.365523466
62,2,62,1,1223,2,4,0.592705167,0.40729483299999997
64,2,64,0,966,4,2,0.6107660460000001,0.389233954
66,2,66,0,1325,4,2,0.708679245,0.291320755
68,2,68,1,1318,1,2,0.632776935,0.367223065
70,2,70,0,1109,2,2,0.6474301170000001,0.352569883
72,2,72,0,3687,3,3,0.40249525399999997,0.597504746
74,2,74,0,1499,3,4,0.708779443,0.291220557
76,2,76,0,1230,3,2,0.52601626,0.47398374
78,2,78,1,1764,4,4,0.487528345,0.512471655
80,2,80,0,1351,2,1,0.564766839,0.43523316100000004
82,2,82,1,1152,1,2,0.383680556,0.6163194439999999
84,2,84,1,2555,4,4,0.34431916700000004,0.655680833
86,2,86,1,1839,2,2,0.48837209299999995,0.511627907
88,2,88,1,4705,4,4,0.514011613,0.485988387
90,2,90,0,2197,4,1,0.39195231,0.60804769
92,2,92,0,2783,4,2,0.445177246,0.554822754
94,2,94,0,1925,2,1,0.426191844,0.573808156
96,2,96,0,2134,4,2,0.745822785,0.254177215
98,2,98,0,1285,4,2,0.6926070040000001,0.30739299600000003
100,2,100,1,1834,3,2,0.294047619,0.7059523809999999
102,2,102,0,1192,3,1,0.507550336,0.492449664
104,2,104,1,1618,1,3,0.551297899,0.448702101
106,2,106,0,1817,4,1,0.576774904,0.423225096
108,2,108,1,1666,2,2,0.6146458579999999,0.385354142
110,2,110,1,1819,2,4,0.5346177,0.4653823
112,2,112,0,4290,2,1,0.677622378,0.322377622
114,2,114,1,1372,1,4,0.49708454799999996,0.502915452
116,2,116,0,2567,3,1,0.42033502100000003,0.579664979
118,2,118,1,1648,1,2,0.36407767,0.63592233
0,3,0,0,3916,0,3,0.686414709,0.313585291
2,3,2,1,3746,1,1,0.421529745,0.578470255
4,3,4,1,2167,4,3,0.293121693,0.706878307
6,3,6,0,3483,3,2,0.555693453,0.44430654700000005
8,3,8,1,11236,1,2,0.6777505220000001,0.32224947800000003
10,3,10,0,5035,3,3,0.578008915,0.421991085
12,3,12,1,2210,0,3,0.346639717,0.6533602829999999
14,3,14,1,1790,0,2,0.42396313399999996,0.576036866
16,3,16,1,2599,0,4,0.37435008700000005,0.625649913
18,3,18,0,2397,4,2,0.493087558,0.5069124420000001
20,3,20,0,1897,5,2,0.6543209879999999,0.345679012
22,3,22,0,3510,0,2,0.5410256410000001,0.458974359
24,3,24,1,1943,1,2,0.357179619,0.642820381
26,3,26,1,3811,3,4,0.200332963,0.7996670370000001
28,3,28,0,2891,3,1,0.530983302,0.46901669799999995
30,3,30,1,6103,3,3,0.32193295899999996,0.6780670409999999
32,3,32,1,4646,3,1,0.399483427,0.6005165729999999
34,3,34,1,2616,4,3,0.33833333299999996,0.661666667
36,3,36,0,2093,2,3,0.627027027,0.372972973
38,3,38,1,4563,3,3,0.341442034,0.658557966
40,3,40,1,3952,0,1,0.403772267,0.596227733
42,3,42,1,1708,3,3,0.428571429,0.571428571
44,3,44,0,3300,4,3,0.859922179,0.140077821
46,3,46,0,1537,0,4,0.7648,0.2352
48,3,48,0,1768,0,1,0.610859729,0.38914027100000004
50,3,50,1,3884,0,4,0.38105046299999995,0.618949537
52,3,52,0,1563,0,3,0.679400749,0.32059925100000003
54,3,54,0,4268,3,3,0.883576914,0.116423086
56,3,56,1,1773,1,3,0.46249295,0.53750705
58,3,58,0,3982,0,1,0.661911171,0.338088829
60,3,60,0,2105,0,1,0.56530936,0.43469064
62,3,62,1,2742,1,3,0.30707512800000003,0.6929248720000001
64,3,64,1,2550,0,2,0.294092281,0.705907719
66,3,66,0,3249,3,3,0.538319483,0.461680517
68,3,68,1,2270,3,3,0.464317181,0.535682819
70,3,70,1,1885,0,1,0.335092348,0.664907652
72,3,72,1,1789,0,3,0.382563435,0.617436565
74,3,74,1,2710,3,5,0.49298893,0.50701107
76,3,76,0,1596,4,1,0.644110276,0.35588972399999996
78,3,78,0,1498,0,4,0.603471295,0.396528705
80,3,80,0,3897,3,3,0.55667001,0.44332999
82,3,82,1,2095,3,2,0.49497620299999995,0.505023797
84,3,84,1,3787,2,2,0.40111888100000004,0.598881119
86,3,86,1,4082,3,3,0.20292887,0.79707113
88,3,88,1,1874,3,3,0.415154749,0.5848452510000001
90,3,90,0,5986,3,1,0.7203359540000001,0.279664046
92,3,92,1,1695,0,2,0.397640118,0.602359882
94,3,94,0,3157,5,2,0.534836066,0.465163934
96,3,96,1,4811,2,5,0.40158630799999995,0.598413692
98,3,98,0,1294,2,1,0.588871716,0.411128284
100,3,100,1,2191,0,3,0.42996408399999997,0.570035916
102,3,102,0,2013,5,3,0.652892562,0.347107438
104,3,104,0,2332,0,1,0.48756432200000005,0.512435678
106,3,106,0,7005,1,3,0.743673228,0.256326772
108,3,108,1,2096,3,5,0.295801527,0.7041984729999999
110,3,110,0,3300,1,1,0.555962184,0.44403781600000003
112,3,112,0,1260,4,1,0.63015873,0.36984127
114,3,114,0,3912,2,1,0.326122228,0.673877772
116,3,116,1,3005,2,3,0.423462089,0.5765379110000001
118,3,118,0,2666,2,3,0.49918566799999997,0.500814332
0,4,0,0,1944,1,1,0.506008011,0.49399198899999996
2,4,2,0,1669,5,5,0.6512881970000001,0.348711803
4,4,4,1,1379,1,5,0.269760696,0.730239304
6,4,6,0,1539,4,1,0.671215075,0.328784925
8,4,8,1,1375,1,5,0.372937294,0.627062706
10,4,10,1,1369,1,1,0.35938641299999996,0.640613587
12,4,12,0,1833,1,1,0.622619048,0.37738095200000005
14,4,14,0,1773,5,1,0.6286072770000001,0.371392723
16,4,16,0,3207,4,1,0.607705779,0.392294221
18,4,18,0,2550,5,1,0.610666667,0.38933333299999995
20,4,20,0,1531,5,1,0.660352711,0.33964728899999996
22,4,22,1,5355,1,1,0.487090559,0.512909441
24,4,24,0,1688,5,3,0.6736196320000001,0.32638036800000003
26,4,26,1,1619,4,5,0.315009265,0.684990735
28,4,28,1,1834,1,1,0.298489426,0.701510574
30,4,30,1,1288,1,5,0.434782609,0.565217391
32,4,32,1,1465,1,1,0.37190742200000004,0.628092578
34,4,34,1,2292,1,1,0.41710296700000005,0.582897033
36,4,36,0,1407,5,4,0.6478873239999999,0.352112676
38,4,38,1,1610,4,5,0.330601093,0.669398907
40,4,40,0,2420,1,1,0.5525345620000001,0.447465438
42,4,42,0,1342,5,1,0.587183308,0.41281669200000004
44,4,44,0,1262,5,1,0.59429477,0.40570523
46,4,46,0,2956,5,4,0.732746955,0.267253045
48,4,48,1,1020,1,5,0.352941176,0.647058824
50,4,50,0,2155,4,1,0.672389791,0.327610209
52,4,52,0,1830,1,1,0.578142077,0.42185792299999997
54,4,54,1,1095,4,5,0.30410958899999996,0.6958904109999999
56,4,56,0,1046,5,1,0.611854685,0.388145315
58,4,58,0,1306,1,1,0.689892802,0.31010719800000003
60,4,60,0,1847,1,2,0.621884498,0.37811550200000005
62,4,62,0,2454,1,1,0.589649552,0.410350448
64,4,64,0,1076,2,1,0.652416357,0.347583643
66,4,66,0,926,5,1,0.821814255,0.178185745
68,4,68,1,1282,1,5,0.35257410299999997,0.6474258970000001
70,4,70,0,2086,5,1,0.65163297,0.34836703
72,4,72,0,1516,1,4,0.616094987,0.38390501299999996
74,4,74,0,1580,3,1,0.724683544,0.275316456
76,4,76,1,1850,5,5,0.45297297299999995,0.547027027
78,4,78,1,1486,1,4,0.316639742,0.683360258
80,4,80,0,2015,4,1,0.686539644,0.313460356
82,4,82,1,1346,1,1,0.23997028199999998,0.760029718
84,4,84,1,1382,1,1,0.29070691,0.70929309
86,4,86,0,2413,5,1,0.726815898,0.273184102
88,4,88,1,1114,1,4,0.329443447,0.6705565529999999
90,4,90,0,1696,1,1,0.579086698,0.42091330200000004
92,4,92,0,1504,5,1,0.6275243079999999,0.372475692
94,4,94,0,1381,5,1,0.643736423,0.35626357700000005
96,4,96,1,1067,3,5,0.301075269,0.698924731
98,4,98,1,903,1,1,0.42164599799999997,0.578354002
100,4,100,0,1737,2,1,0.6154289000000001,0.3845711
102,4,102,1,1317,1,5,0.387155963,0.612844037
104,4,104,1,2430,1,1,0.471604938,0.5283950620000001
106,4,106,1,2005,1,3,0.351673284,0.648326716
108,4,108,1,1162,1,5,0.422422422,0.577577578
110,4,110,1,2430,1,1,0.451987494,0.5480125060000001
112,4,112,0,1529,5,4,0.7005730659999999,0.299426934
114,4,114,0,1531,1,3,0.62565445,0.37434555
116,4,116,0,1619,1,1,0.604022627,0.39597737299999997
118,4,118,0,1552,5,5,0.662371134,0.337628866
0,5,0,0,2028,5,5,0.57790927,0.42209073
2,5,2,1,1864,0,3,0.340128755,0.659871245
4,5,4,1,1702,0,5,0.409411765,0.590588235
6,5,6,0,3469,5,3,0.356897091,0.643102909
8,5,8,1,2482,0,3,0.539081386,0.460918614
10,5,10,0,1763,5,2,0.533749291,0.466250709
12,5,12,0,3466,0,5,0.46844660200000005,0.531553398
14,5,14,0,2141,0,2,0.567041965,0.432958035
16,5,16,1,4713,5,2,0.18459579899999998,0.815404201
18,5,18,0,1870,2,3,0.721637427,0.278362573
20,5,20,1,2029,0,3,0.510192196,0.48980780399999996
22,5,22,1,2113,5,3,0.504385965,0.495614035
24,5,24,0,2205,2,5,0.279818594,0.7201814059999999
26,5,26,1,3793,0,2,0.471436815,0.528563185
28,5,28,0,2330,0,5,0.46309012899999996,0.536909871
30,5,30,0,3695,2,5,0.413095238,0.5869047620000001
32,5,32,0,24903,0,3,0.746211062,0.253788938
34,5,34,1,3612,0,3,0.504983389,0.495016611
36,5,36,1,4328,3,5,0.46996303100000003,0.530036969
38,5,38,0,2742,5,5,0.524539877,0.47546012299999996
40,5,40,1,4077,5,5,0.275169607,0.724830393
42,5,42,0,2605,0,5,0.36948529399999996,0.630514706
44,5,44,0,1968,5,3,0.409677419,0.590322581
46,5,46,0,3518,5,3,0.356881851,0.643118149
48,5,48,0,1837,0,3,0.635696822,0.36430317799999995
50,5,50,0,2183,0,2,0.281518987,0.718481013
52,5,52,1,1778,0,5,0.403824522,0.5961754779999999
54,5,54,0,1579,5,5,0.624054983,0.37594501700000005
56,5,56,1,1383,3,5,0.504378284,0.495621716
58,5,58,1,1683,5,2,0.647868852,0.35213114799999995
60,5,60,1,1700,0,2,0.35411764700000004,0.645882353
62,5,62,0,3465,0,2,0.7643678159999999,0.235632184
64,5,64,1,2594,3,3,0.39917184299999997,0.600828157
66,5,66,0,1993,3,5,0.510286001,0.489713999
68,5,68,1,1632,2,5,0.443627451,0.556372549
70,5,70,0,2478,0,5,0.43244425,0.56755575
72,5,72,1,1905,0,2,0.386243386,0.613756614
74,5,74,0,1754,0,2,0.48631699,0.51368301
76,5,76,1,1755,5,5,0.40819209,0.59180791
78,5,78,0,1514,2,5,0.535006605,0.464993395
80,5,80,0,1826,5,5,0.529855437,0.47014456299999996
82,5,82,0,2450,0,2,0.45753668299999994,0.5424633170000001
84,5,84,0,1653,0,2,0.593466425,0.406533575
86,5,86,0,1539,5,5,0.610169492,0.38983050799999996
88,5,88,1,2941,5,2,0.611022364,0.388977636
90,5,90,0,1935,0,2,0.566143498,0.43385650200000003
92,5,92,1,2729,5,5,0.5716379629999999,0.42836203700000003
94,5,94,1,1452,0,5,0.424242424,0.575757576
96,5,96,1,1529,0,5,0.510250569,0.489749431
98,5,98,0,3317,0,3,0.603470437,0.396529563
100,5,100,1,1749,0,3,0.383773342,0.616226658
102,5,102,0,1827,0,5,0.574654956,0.425345044
104,5,104,1,1791,0,5,0.544244844,0.455755156
106,5,106,0,2219,3,2,0.582059123,0.41794087700000004
108,5,108,1,1451,0,5,0.482816429,0.517183571
110,5,110,0,1996,0,3,0.48057713700000004,0.519422863
112,5,112,0,1503,0,5,0.598802395,0.401197605
114,5,114,1,1808,3,5,0.512950095,0.487049905
116,5,116,1,2272,0,5,0.295823096,0.7041769040000001
118,5,118,1,1521,5,5,0.393188854,0.606811146
0,6,0,0,1928,4,5,0.6939834020000001,0.30601659800000003
2,6,2,1,2641,3,3,0.40336842100000003,0.596631579
4,6,4,1,1506,1,4,0.424287856,0.575712144
6,6,6,0,2007,0,1,0.613353264,0.386646736
8,6,8,0,2377,1,4,0.6452061139999999,0.354793886
10,6,10,0,1766,1,1,0.660249151,0.33975084899999997
12,6,12,0,1309,4,4,0.550802139,0.44919786100000003
14,6,14,1,2229,1,1,0.66226138,0.33773862
16,6,16,1,1624,4,4,0.439454691,0.560545309
18,6,18,0,1411,1,3,0.52614642,0.47385358
20,6,20,1,2715,0,4,0.479117415,0.520882585
22,6,22,0,1593,4,4,0.637162586,0.36283741399999997
24,6,24,0,5320,0,3,0.735015773,0.264984227
26,6,26,1,1509,4,3,0.37961595299999995,0.620384047
28,6,28,1,1350,4,3,0.625185185,0.374814815
30,6,30,0,2255,5,1,0.43366029899999997,0.566339701
32,6,32,1,759,1,1,1.0,0.0
34,6,34,1,1815,0,5,0.414617006,0.5853829939999999
36,6,36,1,1611,3,4,0.46803227799999997,0.531967722
38,6,38,1,1289,3,1,0.44666002,0.55333998
40,6,40,1,1394,0,1,0.535746606,0.464253394
42,6,42,0,2107,4,3,0.691504509,0.308495491
44,6,44,1,2600,4,3,0.510892781,0.489107219
46,6,46,1,2295,1,4,0.459694989,0.5403050110000001
48,6,48,1,1190,3,4,0.523529412,0.476470588
50,6,50,0,3387,1,1,0.47859462700000005,0.521405373
52,6,52,0,4977,4,3,0.410890094,0.589109906
54,6,54,1,1315,3,4,0.537642586,0.46235741399999997
56,6,56,0,2956,4,1,0.641537324,0.35846267600000004
58,6,58,1,1843,5,4,0.637883008,0.362116992
60,6,60,1,2911,0,1,0.495794954,0.504205046
62,6,62,0,2067,1,1,0.593505713,0.406494287
64,6,64,0,3643,0,4,0.8396925609999999,0.160307439
66,6,66,1,2366,5,5,0.610312764,0.389687236
68,6,68,0,1651,1,3,0.600803751,0.399196249
70,6,70,0,1296,4,4,0.488425926,0.511574074
72,6,72,1,1516,1,5,0.484828496,0.515171504
74,6,74,1,2296,0,1,0.523083624,0.47691637600000003
76,6,76,0,2304,4,1,0.747395833,0.252604167
78,6,78,0,1605,0,4,0.30361871100000004,0.6963812890000001
80,6,80,0,2963,4,3,0.382096975,0.617903025
82,6,82,1,2313,0,1,0.268050151,0.731949849
84,6,84,0,1323,5,5,0.611026034,0.388973966
86,6,86,0,1511,5,4,0.5043017870000001,0.49569821299999994
88,6,88,1,848,4,4,0.474056604,0.5259433960000001
90,6,90,0,1051,0,4,0.5555555560000001,0.444444444
92,6,92,0,1026,0,4,0.5555555560000001,0.444444444
94,6,94,0,1019,0,5,0.858684985,0.141315015
96,6,96,1,2864,4,1,0.38407821200000003,0.615921788
98,6,98,0,1091,0,4,0.658111824,0.341888176
100,6,100,1,1885,1,1,0.33952254600000004,0.660477454
102,6,102,0,1104,4,3,0.59692029,0.40307971
104,6,104,0,1850,3,4,0.5649756779999999,0.435024322
106,6,106,1,904,0,4,0.5110619470000001,0.488938053
108,6,108,0,1143,3,3,0.42169728799999995,0.578302712
110,6,110,1,1125,4,4,0.37777777799999995,0.622222222
112,6,112,1,1261,0,4,0.46946867600000003,0.530531324
114,6,114,1,1148,1,4,0.45296167200000004,0.547038328
116,6,116,1,1263,0,3,0.43151227200000003,0.568487728
118,6,118,0,6668,1,3,0.535424295,0.464575705
0,7,0,0,2562,1,1,0.7365269459999999,0.263473054
2,7,2,0,3707,2,2,0.600755328,0.399244672
4,7,4,0,2242,0,1,0.670829616,0.329170384
6,7,6,1,3068,2,1,0.315514993,0.684485007
8,7,8,1,3300,1,4,0.269090909,0.7309090909999999
10,7,10,1,2798,4,2,0.390278771,0.609721229
12,7,12,1,2423,1,5,0.38712340100000003,0.612876599
14,7,14,1,4172,1,2,0.207574305,0.792425695
16,7,16,1,3748,0,2,0.499141385,0.500858615
18,7,18,0,4791,0,3,0.400751409,0.599248591
20,7,20,1,7438,2,2,0.33277592,0.66722408
22,7,22,0,2526,0,3,0.568663594,0.431336406
24,7,24,1,2008,5,2,0.360557769,0.639442231
26,7,26,1,2672,5,5,0.29565868300000003,0.704341317
28,7,28,0,2744,3,2,0.346574344,0.653425656
30,7,30,1,4206,0,1,0.18354731300000002,0.8164526870000001
32,7,32,0,2463,1,1,0.625,0.375
34,7,34,1,2164,2,5,0.299084435,0.700915565
36,7,36,1,1490,3,2,0.387596899,0.6124031010000001
38,7,38,0,1253,2,2,0.529928172,0.47007182799999997
40,7,40,0,2772,5,2,0.73180778,0.26819222
42,7,42,0,2661,4,1,0.527141134,0.472858866
44,7,44,0,2555,2,1,0.546821931,0.45317806899999996
46,7,46,0,2682,3,5,0.53803132,0.46196868
48,7,48,1,2828,1,1,0.282178218,0.717821782
50,7,50,0,2631,2,1,0.597491448,0.402508552
52,7,52,0,1410,2,2,0.6333333329999999,0.36666666700000006
54,7,54,0,4804,5,2,0.31752809,0.68247191
56,7,56,1,2396,2,5,0.204507513,0.7954924870000001
58,7,58,1,2022,0,2,0.439169139,0.560830861
60,7,60,0,2889,5,1,0.393561786,0.606438214
62,7,62,0,4447,0,5,0.279289409,0.7207105909999999
64,7,64,1,9013,4,3,0.32528027800000003,0.6747197220000001
66,7,66,1,3567,2,5,0.338099243,0.6619007570000001
68,7,68,1,3230,2,4,0.333126935,0.666873065
70,7,70,1,2585,2,2,0.594197292,0.40580270799999996
72,7,72,0,2925,0,2,0.385982906,0.6140170939999999
74,7,74,0,2888,0,2,0.465027701,0.534972299
76,7,76,1,3830,3,1,0.311749347,0.688250653
78,7,78,1,3281,1,5,0.415726913,0.584273087
80,7,80,1,2827,2,3,0.590414821,0.40958517899999997
82,7,82,0,6634,3,2,0.435936087,0.5640639129999999
84,7,84,0,1949,2,1,0.668040024,0.331959976
86,7,86,1,1743,1,2,0.374641423,0.6253585770000001
88,7,88,0,2349,2,2,0.47357926200000006,0.526420738
90,7,90,0,6127,5,2,0.670759922,0.329240078
92,7,92,1,3192,1,1,0.36870748299999995,0.631292517
94,7,94,1,1723,5,3,0.410996564,0.589003436
96,7,96,1,1962,1,5,0.305378832,0.694621168
98,7,98,0,3087,5,4,0.42366277,0.57633723
100,7,100,1,3736,0,2,0.505678023,0.494321977
102,7,102,0,1405,2,1,0.51316726,0.48683274
104,7,104,1,1680,2,1,0.444171779,0.5558282210000001
106,7,106,1,3536,3,4,0.47043010799999996,0.529569892
108,7,108,1,1304,1,2,0.433823529,0.566176471
110,7,110,1,1761,2,5,0.475728155,0.524271845
112,7,112,1,1690,0,4,0.453254438,0.546745562
114,7,114,1,1738,2,2,0.28078250899999996,0.719217491
116,7,116,0,2330,5,1,0.660686827,0.33931317299999997
118,7,118,1,1669,2,2,0.35610766,0.64389234
0,8,0,0,6280,3,3,0.683042789,0.316957211
2,8,2,1,2781,5,1,0.307630198,0.692369802
4,8,4,0,3763,2,4,0.773466476,0.22653352399999999
6,8,6,1,4439,0,1,0.553349876,0.446650124
8,8,8,1,8834,5,3,0.408125146,0.591874854
10,8,10,1,1966,1,4,0.433376455,0.566623545
12,8,12,1,10046,3,3,0.706976244,0.293023756
14,8,14,0,2205,0,5,0.596371882,0.403628118
16,8,16,1,5917,4,3,0.735449735,0.264550265
18,8,18,0,3225,2,1,0.755658915,0.244341085
20,8,20,1,9244,5,4,0.615005599,0.38499440100000004
22,8,22,1,7203,0,4,0.375704989,0.6242950110000001
24,8,24,1,9608,5,1,0.318803143,0.681196857
26,8,26,0,2748,4,4,0.6086607860000001,0.391339214
28,8,28,0,2269,0,4,0.690802348,0.309197652
30,8,30,1,3228,0,4,0.60726525,0.39273475
32,8,32,0,6776,5,4,0.62410908,0.37589092
34,8,34,0,2359,1,4,0.515320334,0.484679666
36,8,36,1,3237,0,4,0.184531886,0.8154681140000001
38,8,38,1,4639,5,4,0.358950759,0.641049241
40,8,40,1,1878,4,5,0.480830671,0.519169329
42,8,42,1,4066,3,5,0.562715199,0.437284801
44,8,44,1,2165,0,1,0.42401847600000003,0.575981524
46,8,46,0,1735,1,3,0.6129404970000001,0.38705950299999997
48,8,48,0,2027,4,5,0.520473606,0.47952639399999997
50,8,50,0,1535,4,4,0.504234528,0.49576547200000004
52,8,52,1,1831,0,3,0.349535773,0.6504642270000001
54,8,54,0,2255,4,3,0.588913525,0.411086475
56,8,56,1,2366,4,1,0.46069315299999997,0.539306847
58,8,58,1,1535,4,1,0.411726384,0.588273616
60,8,60,0,4734,0,2,0.547739755,0.452260245
62,8,62,0,2133,3,5,0.5302391,0.46976090000000004
64,8,64,1,1390,4,4,0.595704949,0.404295051
66,8,66,0,1043,5,5,0.523489933,0.47651006700000004
68,8,68,1,1951,0,5,0.327011789,0.672988211
70,8,70,0,1984,0,4,0.633886256,0.36611374399999996
72,8,72,0,1286,0,4,0.555209953,0.444790047
74,8,74,1,1853,0,3,0.337121212,0.662878788
76,8,76,1,1583,0,3,0.533435819,0.466564181
78,8,78,1,1668,4,2,0.455782313,0.5442176870000001
80,8,80,1,2931,3,4,0.299334812,0.700665188
82,8,82,1,1560,0,4,0.398467433,0.601532567
84,8,84,1,1441,0,4,0.36017316,0.63982684
86,8,86,0,3294,0,3,0.488662504,0.511337496
88,8,88,1,1752,0,5,0.38900343600000004,0.610996564
90,8,90,1,1085,0,4,0.428842505,0.571157495
92,8,92,0,1506,5,3,0.7381679390000001,0.261832061
94,8,94,0,2935,1,5,0.582372323,0.41762767700000003
96,8,96,0,9412,5,1,0.488193424,0.511806576
98,8,98,1,1464,5,5,0.369155045,0.630844955
100,8,100,0,1468,0,5,0.565217391,0.434782609
102,8,102,1,1945,2,2,0.590405904,0.409594096
104,8,104,0,1886,0,5,0.35744089,0.64255911
106,8,106,0,3349,0,4,0.42266709700000005,0.577332903
108,8,108,1,1380,1,1,0.433843384,0.566156616
110,8,110,0,2449,0,1,0.476599809,0.523400191
112,8,112,0,1495,5,3,0.432786885,0.567213115
114,8,114,0,2403,0,1,0.5579253510000001,0.442074649
116,8,116,1,2565,4,2,0.473071952,0.5269280479999999
118,8,118,0,2100,4,1,0.48666666700000005,0.513333333
0,9,0,1,4076,1,2,0.453035807,0.546964193
2,9,2,1,7926,4,5,0.360585415,0.639414585
4,9,4,0,9211,5,2,0.46624377,0.53375623
6,9,6,1,8887,2,2,0.366335476,0.633664524
8,9,8,0,7682,2,1,0.617974514,0.382025486
10,9,10,0,10860,5,4,0.45623290299999997,0.543767097
12,9,12,0,6160,1,2,0.660818713,0.33918128700000005
14,9,14,0,7706,5,2,0.48407728200000005,0.515922718
16,9,16,1,3178,0,2,0.315292637,0.684707363
18,9,18,1,3409,2,2,0.422411264,0.577588736
20,9,20,1,6270,5,5,0.506083525,0.493916475
22,9,22,1,8677,2,2,0.207726562,0.7922734379999999
24,9,24,0,4131,5,2,0.697875688,0.302124312
26,9,26,0,3027,0,3,0.461513049,0.538486951
28,9,28,0,3251,0,1,0.497366441,0.502633559
30,9,30,1,2235,1,5,0.361521253,0.6384787470000001
32,9,32,0,6025,0,3,0.504564315,0.495435685
34,9,34,1,4056,2,5,0.25591716,0.74408284
36,9,36,1,3565,2,2,0.221037868,0.7789621320000001
38,9,38,1,4421,2,5,0.157769304,0.8422306959999999
40,9,40,1,1697,0,5,0.376264329,0.623735671
42,9,42,0,1797,2,1,0.58263773,0.41736227
44,9,44,1,1799,2,5,0.237538462,0.7624615379999999
46,9,46,0,2057,4,3,0.545992469,0.454007531
48,9,48,1,5826,1,2,0.404087487,0.5959125129999999
50,9,50,1,1566,2,5,0.424010217,0.5759897829999999
52,9,52,1,1468,0,5,0.366485014,0.633514986
54,9,54,1,1608,1,2,0.35781818200000004,0.642181818
56,9,56,1,1669,0,2,0.453495441,0.546504559
58,9,58,0,3185,0,5,0.535005616,0.464994384
60,9,60,1,2036,2,5,0.33019390600000004,0.669806094
62,9,62,1,1579,1,4,0.415975885,0.584024115
64,9,64,1,1662,0,5,0.441428571,0.558571429
66,9,66,1,1536,0,2,0.490234375,0.509765625
68,9,68,0,6890,2,3,0.457991345,0.542008655
70,9,70,0,2141,0,2,0.612869198,0.38713080200000005
72,9,72,0,3682,2,1,0.583896396,0.41610360399999996
74,9,74,0,1430,0,3,0.6405594410000001,0.359440559
76,9,76,1,1446,0,5,0.34578146600000004,0.654218534
78,9,78,0,3418,0,1,0.512636505,0.487363495
80,9,80,1,1629,2,3,0.340636042,0.6593639579999999
82,9,82,1,1854,2,3,0.40880503100000004,0.591194969
84,9,84,0,1442,5,1,0.6629681,0.33703190000000005
86,9,86,0,1745,0,5,0.5907284770000001,0.40927152299999997
88,9,88,1,1612,0,2,0.409763314,0.590236686
90,9,90,0,1740,0,2,0.661151555,0.338848445
92,9,92,0,1989,5,2,0.5274007039999999,0.472599296
94,9,94,0,1747,2,1,0.611004479,0.388995521
96,9,96,0,2123,5,4,0.745473908,0.254526092
98,9,98,1,2069,2,5,0.36017410200000005,0.639825898
100,9,100,0,1802,0,2,0.651951376,0.348048624
102,9,102,0,2240,5,2,0.765454545,0.234545455
104,9,104,1,1234,2,5,0.362236629,0.637763371
106,9,106,1,2641,0,3,0.49329983200000005,0.506700168
108,9,108,1,4314,2,2,0.327625863,0.672374137
110,9,110,0,1672,0,2,0.671195652,0.328804348
112,9,112,0,2135,0,2,0.7028451,0.29715490000000006
114,9,114,1,1724,3,4,0.31229235899999996,0.6877076409999999
116,9,116,0,1780,3,2,0.685079365,0.314920635
118,9,118,1,1499,0,5,0.390260173,0.6097398270000001
0,10,0,0,3506,0,0,0.543639475,0.456360525
2,10,2,0,3085,4,3,0.592220421,0.407779579
4,10,4,1,2865,4,5,0.328416149,0.671583851
6,10,6,1,4214,4,2,0.5275263029999999,0.472473697
8,10,8,1,2589,3,3,0.458231955,0.541768045
10,10,10,1,2773,0,3,0.49487785700000003,0.505122143
12,10,12,0,2572,1,1,0.527993779,0.472006221
14,10,14,1,2909,2,5,0.5964248879999999,0.403575112
16,10,16,1,3911,4,4,0.587326121,0.41267387899999997
18,10,18,1,4834,4,3,0.614180273,0.38581972700000006
20,10,20,0,5670,0,5,0.643738977,0.35626102299999995
22,10,22,0,2212,2,2,0.527124774,0.47287522600000004
24,10,24,1,3696,3,5,0.333530455,0.666469545
26,10,26,0,4571,0,3,0.533980583,0.46601941700000005
28,10,28,0,3689,0,1,0.675250745,0.324749255
30,10,30,1,3393,2,3,0.49731097799999996,0.502689022
32,10,32,0,7062,0,3,0.37847866399999996,0.621521336
34,10,34,0,2802,4,2,0.37189441,0.62810559
36,10,36,1,3090,5,4,0.287344029,0.7126559709999999
38,10,38,0,1922,4,3,0.58792924,0.41207076
40,10,40,0,2736,0,3,0.638902263,0.36109773700000003
42,10,42,1,3623,3,4,0.610267734,0.389732266
44,10,44,0,2002,0,4,0.702898551,0.29710144899999996
46,10,46,0,3560,4,1,0.409009009,0.590990991
48,10,48,1,1642,3,2,0.519674355,0.480325645
50,10,50,0,1703,2,5,0.66881973,0.33118027
52,10,52,0,2756,0,3,0.652574942,0.34742505799999995
54,10,54,1,2556,3,2,0.45931142399999997,0.540688576
56,10,56,1,2101,2,3,0.435506901,0.564493099
58,10,58,0,4303,1,2,0.662844596,0.337155404
60,10,60,1,1344,0,3,0.597200622,0.402799378
62,10,62,0,4684,5,1,0.283204799,0.7167952009999999
64,10,64,0,1986,5,2,0.681015453,0.318984547
66,10,66,0,2329,0,3,0.594675827,0.40532417299999995
68,10,68,0,1893,4,3,0.576763485,0.423236515
70,10,70,1,1554,0,2,0.565637066,0.434362934
72,10,72,1,2204,2,4,0.449438202,0.5505617979999999
74,10,74,0,2454,5,3,0.499158957,0.500841043
76,10,76,0,2538,2,3,0.493772599,0.506227401
78,10,78,0,3655,3,4,0.520930233,0.47906976700000004
80,10,80,1,4509,1,1,0.571838256,0.428161744
82,10,82,1,1847,0,4,0.38386572799999996,0.616134272
84,10,84,0,2469,5,2,0.474686108,0.525313892
86,10,86,0,3784,2,3,0.525633803,0.47436619700000004
88,10,88,0,2072,3,2,0.574324324,0.425675676
90,10,90,0,3262,4,1,0.57296467,0.42703533
92,10,92,1,2521,4,3,0.427839453,0.5721605470000001
94,10,94,0,5048,4,1,0.707166392,0.292833608
96,10,96,0,2761,4,5,0.582945736,0.417054264
98,10,98,0,1430,4,4,0.574825175,0.425174825
100,10,100,0,1634,4,5,0.627906977,0.37209302299999997
102,10,102,0,2321,2,3,0.576044808,0.42395519200000004
104,10,104,0,4937,0,3,0.376672017,0.6233279829999999
106,10,106,0,1710,0,5,0.492982456,0.507017544
108,10,108,0,1513,0,4,0.859220093,0.14077990699999998
110,10,110,0,4019,1,3,0.660860911,0.339139089
112,10,112,0,2828,3,3,0.613556681,0.386443319
114,10,114,1,1941,3,4,0.534831461,0.465168539
116,10,116,1,2861,1,4,0.566235582,0.433764418
118,10,118,1,2292,0,3,0.48254799299999995,0.517452007
0,11,0,0,2760,1,4,0.587001234,0.412998766
2,11,2,1,4853,2,1,0.600613352,0.39938664799999996
4,11,4,1,5478,2,1,0.562904809,0.437095191
6,11,6,1,2763,2,2,0.43271139299999994,0.5672886070000001
8,11,8,1,5690,2,3,0.437609842,0.5623901579999999
10,11,10,1,2729,1,1,0.371882086,0.6281179139999999
12,11,12,0,2032,5,1,0.737204724,0.262795276
14,11,14,0,2284,4,3,0.675826735,0.324173265
16,11,16,0,2064,2,3,0.576814856,0.42318514399999996
18,11,18,0,2133,5,2,0.535864979,0.46413502100000004
20,11,20,0,2719,2,1,0.639079532,0.360920468
22,11,22,0,3938,2,3,0.515772445,0.484227555
24,11,24,1,4431,4,5,0.429248477,0.570751523
26,11,26,1,3714,1,2,0.607969844,0.392030156
28,11,28,0,2926,4,2,0.507518797,0.492481203
30,11,30,1,3017,1,1,0.582698044,0.41730195600000003
32,11,32,0,4422,2,2,0.7453640890000001,0.254635911
34,11,34,0,3975,2,1,0.7386880859999999,0.261311914
36,11,36,0,2089,5,2,0.550981331,0.449018669
38,11,38,0,3882,5,1,0.43942793,0.56057207
40,11,40,0,2048,2,1,0.553784861,0.446215139
42,11,42,1,1972,2,5,0.353084911,0.6469150889999999
44,11,44,1,1870,3,4,0.377613776,0.622386224
46,11,46,1,4009,2,2,0.53358209,0.46641791
48,11,48,0,1891,4,1,0.65943945,0.34056055
50,11,50,1,1522,4,5,0.33442838399999997,0.665571616
52,11,52,1,1541,2,4,0.37183647,0.62816353
54,11,54,1,1635,2,5,0.32293578,0.67706422
56,11,56,1,1549,1,1,0.556488057,0.44351194299999996
58,11,58,1,3162,3,2,0.40670461700000005,0.593295383
60,11,60,0,2061,2,1,0.609898108,0.390101892
62,11,62,0,2476,5,1,0.7040035990000001,0.295996401
64,11,64,0,2429,2,1,0.53746531,0.46253469
66,11,66,1,1583,0,5,0.581174984,0.418825016
68,11,68,1,4080,2,2,0.397058824,0.602941176
70,11,70,0,1862,0,2,0.552094522,0.44790547799999997
72,11,72,1,3909,2,4,0.414684062,0.5853159379999999
74,11,74,0,2094,1,1,0.6351480420000001,0.364851958
76,11,76,0,4553,2,5,0.655961285,0.344038715
78,11,78,0,1614,2,1,0.625774473,0.374225527
80,11,80,0,2055,5,2,0.642857143,0.35714285700000004
82,11,82,1,2709,1,2,0.638981174,0.361018826
84,11,84,0,4047,3,2,0.542262679,0.45773732100000003
86,11,86,0,2649,5,3,0.539538715,0.460461285
88,11,88,1,1713,2,1,0.414477525,0.585522475
90,11,90,0,2312,4,2,0.589694656,0.41030534399999996
92,11,92,1,1674,5,2,0.281959379,0.718040621
94,11,94,1,3274,5,1,0.276993764,0.7230062359999999
96,11,96,1,1273,1,4,0.346425766,0.653574234
98,11,98,1,1439,0,1,0.500347464,0.49965253600000004
100,11,100,0,2615,2,3,0.574760994,0.42523900600000003
102,11,102,1,2169,2,1,0.34485938200000005,0.655140618
104,11,104,0,2311,5,2,0.7378048779999999,0.262195122
106,11,106,1,2211,4,1,0.46059462,0.53940538
108,11,108,1,1526,1,2,0.611402359,0.388597641
110,11,110,0,2369,0,2,0.5827338129999999,0.417266187
112,11,112,1,2625,5,4,0.499809524,0.500190476
114,11,114,1,2106,1,5,0.576923077,0.423076923
116,11,116,1,1304,1,2,0.44861963200000005,0.551380368
118,11,118,1,3202,1,2,0.460649594,0.5393504060000001
0,12,0,1,3122,2,4,0.33218707,0.66781293
2,12,2,1,1817,1,3,0.550357733,0.44964226700000004
4,12,4,1,2553,0,1,0.59602649,0.40397351
6,12,6,0,2998,0,1,0.390260173,0.6097398270000001
8,12,8,1,3850,3,2,0.448311688,0.551688312
10,12,10,0,3168,0,1,0.5082070710000001,0.491792929
12,12,12,0,5333,4,1,0.36402027,0.63597973
14,12,14,1,2038,2,5,0.371933268,0.6280667320000001
16,12,16,1,2985,2,2,0.404020101,0.595979899
18,12,18,0,2503,0,3,0.56931682,0.43068318
20,12,20,1,7257,0,4,0.47099352299999997,0.529006477
22,12,22,1,5096,1,4,0.317896389,0.6821036109999999
24,12,24,1,2974,1,2,0.5897780770000001,0.410221923
26,12,26,0,1982,4,4,0.6791120079999999,0.320887992
28,12,28,1,5590,4,2,0.563125481,0.43687451899999996
30,12,30,0,4241,0,2,0.559652357,0.44034764299999996
32,12,32,1,4835,2,2,0.343537415,0.656462585
34,12,34,0,2451,4,3,0.6922300709999999,0.307769929
36,12,36,1,3194,1,2,0.556216724,0.443783276
38,12,38,0,1457,2,1,0.617707618,0.38229238200000004
40,12,40,0,2982,2,3,0.7125220459999999,0.287477954
42,12,42,1,2125,1,4,0.35482352899999997,0.645176471
44,12,44,1,7726,3,4,0.486927259,0.513072741
46,12,46,0,1268,2,1,0.533123028,0.46687697200000006
48,12,48,0,2557,4,3,0.564067487,0.43593251299999997
50,12,50,0,2172,2,2,0.527163904,0.47283609600000004
52,12,52,0,1806,5,2,0.643229167,0.35677083299999995
54,12,54,1,2642,1,1,0.32629108,0.67370892
56,12,56,0,4473,1,2,0.587748715,0.412251285
58,12,58,0,1600,0,2,0.70292887,0.29707113
60,12,60,1,4233,5,5,0.515473659,0.484526341
62,12,62,1,6414,2,2,0.749610228,0.250389772
64,12,64,0,3344,3,2,0.49192583700000003,0.508074163
66,12,66,0,4325,0,2,0.548901734,0.451098266
68,12,68,1,1831,1,1,0.410704533,0.589295467
70,12,70,0,3928,1,5,0.60625,0.39375
72,12,72,0,589,2,5,0.0,1.0
74,12,74,0,2128,2,3,0.5109414760000001,0.489058524
76,12,76,1,1919,0,4,0.5242313710000001,0.475768629
78,12,78,1,5215,1,3,0.531306261,0.468693739
80,12,80,0,1948,2,3,0.617043121,0.382956879
82,12,82,0,1359,4,1,0.5467255329999999,0.453274467
84,12,84,1,1759,3,4,0.354747015,0.645252985
86,12,86,1,1846,2,5,0.346560847,0.653439153
88,12,88,0,3491,4,2,0.636433513,0.36356648700000005
90,12,90,1,1764,0,2,0.38208616799999995,0.617913832
92,12,92,0,2924,5,5,0.86627907,0.13372093
94,12,94,0,1905,1,3,0.614990391,0.385009609
96,12,96,1,1669,1,2,0.343918514,0.656081486
98,12,98,1,4781,0,4,0.155197657,0.844802343
100,12,100,1,2715,0,1,0.39204213,0.60795787
102,12,102,1,2508,4,5,0.388045541,0.611954459
104,12,104,0,2415,5,1,0.554301834,0.445698166
106,12,106,1,1638,2,2,0.41176470600000004,0.588235294
108,12,108,0,1208,0,2,0.394039735,0.605960265
110,12,110,1,1810,1,4,0.364640884,0.6353591160000001
112,12,112,1,1511,1,5,0.361350099,0.638649901
114,12,114,0,1433,2,2,0.661549197,0.33845080299999997
116,12,116,0,1225,5,1,0.568979592,0.43102040799999997
118,12,118,1,1666,1,4,0.415366146,0.584633854
0,13,0,0,3026,4,2,0.6126984129999999,0.387301587
2,13,2,1,2973,0,3,0.56374033,0.43625967
4,13,4,0,4994,4,3,0.41400746,0.58599254
6,13,6,1,2724,0,2,0.503681885,0.496318115
8,13,8,0,6325,1,1,0.5615409729999999,0.43845902700000006
10,13,10,1,2517,0,5,0.402065952,0.5979340479999999
12,13,12,0,5389,4,1,0.507700872,0.492299128
14,13,14,1,6138,4,1,0.507657217,0.49234278299999995
16,13,16,0,8571,5,4,0.4957723,0.5042277000000001
18,13,18,1,2796,1,5,0.611917494,0.388082506
20,13,20,0,2216,0,3,0.481481481,0.518518519
22,13,22,1,8159,3,4,0.35620915,0.64379085
24,13,24,0,6417,1,1,0.302321957,0.697678043
26,13,26,0,2155,4,1,0.560262229,0.439737771
28,13,28,0,2756,2,2,0.43577648799999996,0.564223512
30,13,30,0,2690,5,2,0.462985194,0.5370148060000001
32,13,32,1,3081,1,2,0.525803311,0.474196689
34,13,34,1,1798,3,1,0.48387096799999996,0.516129032
36,13,36,1,3874,0,4,0.47909137799999996,0.520908622
38,13,38,1,2288,0,1,0.504370629,0.49562937100000004
40,13,40,0,1843,5,2,0.48182342799999994,0.518176572
42,13,42,1,6096,4,5,0.529527559,0.470472441
44,13,44,0,1685,0,2,0.611869436,0.388130564
46,13,46,1,3149,2,4,0.47094315700000006,0.529056843
48,13,48,0,1871,0,4,0.525882353,0.47411764700000003
50,13,50,1,1129,0,5,0.316442606,0.683557394
52,13,52,0,3093,1,2,0.499496137,0.5005038629999999
54,13,54,0,1770,0,2,0.590966123,0.40903387700000005
56,13,56,1,3153,3,4,0.506811989,0.49318801100000004
58,13,58,1,2581,5,4,0.529639675,0.470360325
60,13,60,0,3913,2,1,0.506760411,0.493239589
62,13,62,1,2624,0,5,0.562730627,0.43726937299999996
64,13,64,0,1592,0,2,0.647613065,0.352386935
66,13,66,1,4751,5,1,0.517541899,0.48245810100000003
68,13,68,1,1791,0,5,0.479061977,0.5209380229999999
70,13,70,1,1503,0,2,0.473719228,0.526280772
72,13,72,1,2402,0,5,0.39324260899999997,0.606757391
74,13,74,1,2094,0,4,0.436485196,0.563514804
76,13,76,1,2259,1,1,0.39922854399999996,0.600771456
78,13,78,0,3827,4,5,0.576026637,0.423973363
80,13,80,0,4286,5,2,0.53009906,0.46990094
82,13,82,0,2642,1,2,0.567751703,0.432248297
84,13,84,1,1913,1,1,0.59853633,0.40146367
86,13,86,1,3266,4,5,0.448595245,0.551404755
88,13,88,0,1653,0,4,0.46550472,0.53449528
90,13,90,1,3184,2,4,0.42748596,0.57251404
92,13,92,1,1136,2,4,0.5536971829999999,0.446302817
94,13,94,0,3114,3,4,0.523323119,0.476676881
96,13,96,1,4534,4,5,0.43008381100000004,0.569916189
98,13,98,0,4319,5,4,0.638110674,0.361889326
100,13,100,1,2377,2,2,0.38620109399999997,0.613798906
102,13,102,0,4765,4,2,0.483315845,0.516684155
104,13,104,1,1163,0,1,0.6070507310000001,0.392949269
106,13,106,1,2615,2,5,0.454664915,0.545335085
108,13,108,0,1629,0,5,0.5477178420000001,0.452282158
110,13,110,1,1672,2,3,0.456937799,0.543062201
112,13,112,1,2783,0,3,0.5280427320000001,0.471957268
114,13,114,1,4702,2,1,0.45193534700000004,0.548064653
116,13,116,1,5914,1,4,0.568941504,0.431058496
118,13,118,0,2538,5,5,0.511206897,0.48879310299999995
0,14,0,1,2347,0,3,0.371294852,0.628705148
2,14,2,0,2277,3,1,0.566974089,0.43302591100000004
4,14,4,0,1852,4,1,0.612260536,0.387739464
6,14,6,1,3997,3,3,0.648311098,0.351688902
8,14,8,0,2471,3,1,0.455281263,0.5447187370000001
10,14,10,0,2887,4,2,0.676125615,0.323874385
12,14,12,0,3238,3,4,0.614666667,0.38533333299999994
14,14,14,0,5618,5,3,0.479530082,0.520469918
16,14,16,0,4644,4,3,0.288544358,0.711455642
18,14,18,0,5322,4,3,0.506650784,0.49334921600000003
20,14,20,0,3177,3,2,0.5015608739999999,0.498439126
22,14,22,0,1881,3,2,0.632110579,0.367889421
24,14,24,1,2977,3,4,0.231776957,0.768223043
26,14,26,0,1680,0,2,0.6321428570000001,0.367857143
28,14,28,0,2004,1,2,0.6676317310000001,0.332368269
30,14,30,1,2209,0,4,0.508405502,0.491594498
32,14,32,0,1943,5,3,0.50946854,0.49053146
34,14,34,0,2353,2,2,0.620484488,0.37951551200000005
36,14,36,1,2326,3,4,0.401353965,0.598646035
38,14,38,1,1581,1,4,0.628083491,0.371916509
40,14,40,1,2660,2,3,0.323634507,0.6763654929999999
42,14,42,1,1518,1,4,0.341238472,0.658761528
44,14,44,1,3875,4,4,0.279943899,0.720056101
46,14,46,1,11142,2,2,0.432340426,0.567659574
48,14,48,1,3385,2,2,0.6295420970000001,0.370457903
50,14,50,0,4437,3,3,0.668502994,0.33149700600000004
52,14,52,0,8278,4,1,0.525855211,0.474144789
54,14,54,1,5415,3,5,0.427331487,0.572668513
56,14,56,0,1485,0,3,0.6798365120000001,0.320163488
58,14,58,0,1670,0,3,0.678443114,0.32155688600000004
60,14,60,0,3075,0,3,0.692372524,0.307627476
62,14,62,0,2918,3,2,0.7280668440000001,0.271933156
64,14,64,1,3790,2,4,0.250429799,0.7495702009999999
66,14,66,1,10704,4,3,0.437541309,0.562458691
68,14,68,1,4703,3,3,0.116463284,0.8835367159999999
70,14,70,1,2285,2,1,0.35826771700000004,0.641732283
72,14,72,0,5637,3,4,0.329179647,0.670820353
74,14,74,0,1617,3,1,0.569726699,0.430273301
76,14,76,0,1661,0,3,0.646727657,0.353272343
78,14,78,1,4647,4,4,0.306391445,0.693608555
80,14,80,1,2797,2,2,0.285961123,0.714038877
82,14,82,1,3319,0,4,0.565789474,0.43421052600000004
84,14,84,1,4088,4,3,0.353881279,0.646118721
86,14,86,1,2743,4,5,0.378009631,0.6219903689999999
88,14,88,1,2497,2,4,0.34513671,0.65486329
90,14,90,0,1385,5,2,0.685413005,0.314586995
92,14,92,1,2053,3,4,0.369899311,0.6301006889999999
94,14,94,0,1725,4,3,0.542606516,0.45739348399999996
96,14,96,0,1481,4,4,0.729912221,0.270087779
98,14,98,1,2768,1,3,0.532783505,0.467216495
100,14,100,0,1682,0,1,0.579072533,0.42092746700000006
102,14,102,1,2243,3,4,0.562193928,0.43780607200000005
104,14,104,0,2400,3,2,0.577894235,0.422105765
106,14,106,0,1333,3,3,0.6534133529999999,0.346586647
108,14,108,0,3171,3,1,0.561967833,0.43803216700000003
110,14,110,0,1639,3,3,0.638297872,0.36170212799999996
112,14,112,1,1789,0,4,0.552263835,0.447736165
114,14,114,1,1819,2,2,0.364444444,0.635555556
116,14,116,0,1563,3,2,0.604606526,0.39539347399999997
118,14,118,1,1690,1,4,0.41183432,0.58816568
0,15,0,0,5398,2,3,0.767764986,0.232235014
2,15,2,1,10254,3,2,0.780963526,0.21903647399999998
4,15,4,1,3581,2,4,0.347020685,0.652979315
6,15,6,0,2128,5,2,0.573778195,0.426221805
8,15,8,0,2434,5,2,0.682826623,0.317173377
10,15,10,0,3431,2,2,0.465170504,0.534829496
12,15,12,0,2264,4,2,0.508392226,0.491607774
14,15,14,1,4420,2,2,0.188235294,0.811764706
16,15,16,1,2578,2,3,0.235065943,0.7649340570000001
18,15,18,1,4365,2,2,0.473768614,0.526231386
20,15,20,1,5608,3,2,0.164407989,0.8355920109999999
22,15,22,1,4357,2,2,0.48860573399999996,0.511394266
24,15,24,1,3293,2,3,0.252049803,0.747950197
26,15,26,1,2743,2,2,0.279985417,0.720014583
28,15,28,0,2364,2,2,0.7326565140000001,0.267343486
30,15,30,0,4363,3,2,0.6825578729999999,0.317442127
32,15,32,0,5752,2,3,0.533901252,0.46609874799999995
34,15,34,0,2780,2,2,0.626258993,0.373741007
36,15,36,1,6016,2,5,0.395596591,0.604403409
38,15,38,0,13395,2,2,0.40910787600000004,0.590892124
40,15,40,1,2537,3,2,0.511627907,0.48837209299999995
42,15,42,0,1619,2,2,0.518838789,0.48116121100000003
44,15,44,0,1357,5,2,0.6787030209999999,0.321296979
46,15,46,0,1295,4,3,0.692664093,0.307335907
48,15,48,0,1539,3,2,0.7413905129999999,0.25860948699999997
50,15,50,0,1641,4,2,0.607675906,0.392324094
52,15,52,0,1399,5,2,0.5303788420000001,0.469621158
54,15,54,1,2077,2,2,0.378430429,0.621569571
56,15,56,0,2894,2,2,0.788918206,0.211081794
58,15,58,1,2923,2,3,0.509266123,0.49073387700000004
60,15,60,1,1653,2,4,0.457350272,0.542649728
62,15,62,0,1651,2,2,0.627498486,0.372501514
64,15,64,1,1974,3,5,0.33738601799999995,0.662613982
66,15,66,1,2072,3,3,0.377413127,0.6225868729999999
68,15,68,1,2096,2,2,0.35114503799999996,0.648854962
70,15,70,0,1402,2,2,0.659771755,0.340228245
72,15,72,0,1342,4,3,0.6259314460000001,0.374068554
74,15,74,0,1656,2,2,0.733695652,0.266304348
76,15,76,1,1997,2,3,0.35853780700000004,0.641462193
78,15,78,1,1851,2,5,0.41815235,0.58184765
80,15,80,0,5859,2,2,0.7482654329999999,0.251734567
82,15,82,0,2559,5,3,0.78777443,0.21222557
84,15,84,0,2053,2,2,0.7579152459999999,0.24208475399999999
86,15,86,0,1325,4,2,0.631698113,0.36830188700000005
88,15,88,1,2057,2,2,0.429752066,0.570247934
90,15,90,1,1676,2,4,0.484486874,0.515513126
92,15,92,0,1523,4,2,0.6717005909999999,0.328299409
94,15,94,1,3258,2,2,0.22300263399999998,0.7769973659999999
96,15,96,1,1785,2,3,0.307002801,0.692997199
98,15,98,1,1620,3,4,0.43456790100000003,0.565432099
100,15,100,1,2821,2,3,0.221273568,0.778726432
102,15,102,0,2143,2,2,0.790480635,0.209519365
104,15,104,0,1635,2,2,0.7357798170000001,0.264220183
106,15,106,0,1497,2,3,0.6927187709999999,0.307281229
108,15,108,0,1409,3,2,0.6245564229999999,0.37544357700000003
110,15,110,1,2282,2,2,0.400525855,0.599474145
112,15,112,1,1484,2,3,0.41374663100000003,0.586253369
114,15,114,0,1386,4,2,0.564935065,0.435064935
116,15,116,1,1569,3,4,0.45506692200000004,0.544933078
118,15,118,1,2294,2,4,0.51767787,0.48232213
0,16,0,1,5625,5,5,0.58028169,0.41971831
2,16,2,0,2836,0,2,0.7538787020000001,0.24612129800000002
4,16,4,1,2592,4,2,0.415891801,0.584108199
6,16,6,0,2678,0,2,0.77811666,0.22188334
8,16,8,0,5748,0,2,0.625771325,0.374228675
10,16,10,1,2099,0,4,0.310326378,0.689673622
12,16,12,1,6040,5,4,0.533587258,0.46641274200000005
14,16,14,0,3756,5,2,0.722884725,0.277115275
16,16,16,1,1630,0,5,0.346153846,0.653846154
18,16,18,0,5891,2,2,0.673932306,0.32606769399999996
20,16,20,0,4735,0,5,0.604932735,0.395067265
22,16,22,0,2663,5,2,0.68045977,0.31954023
24,16,24,1,1840,0,5,0.5353260870000001,0.464673913
26,16,26,1,6972,0,5,0.6041308089999999,0.395869191
28,16,28,1,1913,2,4,0.45060115,0.54939885
30,16,30,1,2072,0,5,0.33882888,0.66117112
32,16,32,0,1814,5,4,0.6030871,0.3969129
34,16,34,0,3409,0,4,0.6620709889999999,0.337929011
36,16,36,1,6676,0,2,0.518029768,0.48197023200000005
38,16,38,0,2350,0,2,0.6907216490000001,0.309278351
40,16,40,1,1774,2,5,0.525930101,0.47406989899999996
42,16,42,1,1475,0,4,0.388625592,0.611374408
44,16,44,1,4655,0,4,0.272296229,0.7277037709999999
46,16,46,1,1708,0,4,0.475995316,0.524004684
48,16,48,0,1843,0,4,0.622871046,0.37712895399999996
50,16,50,1,1585,0,5,0.329337539,0.670662461
52,16,52,1,1692,2,5,0.327913279,0.6720867209999999
54,16,54,0,1422,0,5,0.6399437410000001,0.360056259
56,16,56,0,1767,0,2,0.659309564,0.34069043600000004
58,16,58,1,1648,0,2,0.400546822,0.599453178
60,16,60,1,1422,2,2,0.397009967,0.602990033
62,16,62,0,4273,0,2,0.540173053,0.45982694700000004
64,16,64,1,3052,4,5,0.42966573799999996,0.570334262
66,16,66,1,2853,0,2,0.454959692,0.5450403079999999
68,16,68,1,1609,0,5,0.45467625899999997,0.545323741
70,16,70,0,3316,0,5,0.534077201,0.465922799
72,16,72,1,1548,2,5,0.575757576,0.424242424
74,16,74,1,1611,0,5,0.501802451,0.49819754899999996
76,16,76,1,2759,0,5,0.442443226,0.557556774
78,16,78,1,2008,0,5,0.257968127,0.742031873
80,16,80,0,3125,0,5,0.646334639,0.353665361
82,16,82,0,1512,5,2,0.5476190479999999,0.452380952
84,16,84,1,1727,4,5,0.332368269,0.6676317310000001
86,16,86,0,1689,0,5,0.661517797,0.338482203
88,16,88,0,5919,0,2,0.669031931,0.330968069
90,16,90,1,1562,0,2,0.297055058,0.702944942
92,16,92,1,1656,0,4,0.35869565200000003,0.641304348
94,16,94,0,1239,0,4,0.604519774,0.395480226
96,16,96,0,1316,0,4,0.676291793,0.32370820699999997
98,16,98,0,1224,5,2,0.64624183,0.35375817
100,16,100,1,2001,0,5,0.460769615,0.539230385
102,16,102,0,1274,0,4,0.639717425,0.360282575
104,16,104,1,2387,5,5,0.41893590299999994,0.5810640970000001
106,16,106,0,1138,0,5,0.623022847,0.37697715299999995
108,16,108,1,1730,2,5,0.30867052,0.69132948
110,16,110,0,1093,4,2,0.617566331,0.382433669
112,16,112,0,2320,5,4,0.701662708,0.298337292
114,16,114,0,1437,0,4,0.646003263,0.353996737
116,16,116,1,2931,2,2,0.41692255200000006,0.5830774479999999
118,16,118,1,1686,0,4,0.313858696,0.6861413040000001
0,17,0,1,3613,1,3,0.371707606,0.628292394
2,17,2,1,2622,3,4,0.504958047,0.495041953
4,17,4,0,2022,3,1,0.70240481,0.29759519
6,17,6,0,1644,4,3,0.625304136,0.374695864
8,17,8,1,5256,1,2,0.62835703,0.37164297
10,17,10,1,2077,1,4,0.429465575,0.570534425
12,17,12,0,1179,4,1,0.545377439,0.45462256100000004
14,17,14,1,2048,4,3,0.37109375,0.62890625
16,17,16,1,4422,3,4,0.514699231,0.48530076899999997
18,17,18,1,1824,1,4,0.41008771899999996,0.589912281
20,17,20,0,1806,3,2,0.688261351,0.311738649
22,17,22,0,4230,1,1,0.683523654,0.316476346
24,17,24,0,2190,4,2,0.755251142,0.244748858
26,17,26,1,1841,1,3,0.420423683,0.579576317
28,17,28,0,1862,4,4,0.542427497,0.45757250299999996
30,17,30,0,1309,4,1,0.605960265,0.394039735
32,17,32,1,1893,5,2,0.385311336,0.614688664
34,17,34,1,2050,2,5,0.352195122,0.647804878
36,17,36,1,1836,1,3,0.41503268,0.58496732
38,17,38,0,6925,2,2,0.7338628159999999,0.26613718399999997
40,17,40,1,7736,1,4,0.136588818,0.863411182
42,17,42,1,4206,1,2,0.684318766,0.315681234
44,17,44,0,3179,3,1,0.7687217,0.2312783
46,17,46,0,1479,3,2,0.676808654,0.323191346
48,17,48,0,1524,4,3,0.6194225720000001,0.380577428
50,17,50,1,2357,1,2,0.40135765799999995,0.598642342
52,17,52,1,1658,1,4,0.353437877,0.6465621229999999
54,17,54,1,2153,1,1,0.457965629,0.5420343710000001
56,17,56,0,1749,4,4,0.617102744,0.382897256
58,17,58,1,2261,1,4,0.511278195,0.488721805
60,17,60,0,1850,4,4,0.5994962220000001,0.400503778
62,17,62,1,1802,1,4,0.39289678100000003,0.607103219
64,17,64,1,1653,2,4,0.36055656399999997,0.639443436
66,17,66,1,2316,2,2,0.41537133,0.58462867
68,17,68,0,1952,4,1,0.65727459,0.34272541
70,17,70,1,8469,4,4,0.501728395,0.498271605
72,17,72,1,2501,1,2,0.41926345600000003,0.580736544
74,17,74,0,2085,3,1,0.599208313,0.400791687
76,17,76,0,2634,3,4,0.593394077,0.406605923
78,17,78,1,2085,3,4,0.336065574,0.663934426
80,17,80,1,2027,1,4,0.32388664,0.67611336
82,17,82,0,1072,2,1,0.519589552,0.480410448
84,17,84,0,3030,2,1,0.832673267,0.167326733
86,17,86,0,1446,4,3,0.561643836,0.438356164
88,17,88,0,2558,1,1,0.517200938,0.48279906200000006
90,17,90,0,7679,1,1,0.528844902,0.471155098
92,17,92,0,1292,3,1,0.511825922,0.48817407799999996
94,17,94,0,1420,4,1,0.6063380279999999,0.393661972
96,17,96,0,1745,4,4,0.623495702,0.37650429799999996
98,17,98,0,1259,4,1,0.529785544,0.470214456
100,17,100,1,1967,4,3,0.471784443,0.528215557
102,17,102,1,1973,1,4,0.422367638,0.577632362
104,17,104,1,1736,2,4,0.306451613,0.693548387
106,17,106,1,1717,4,4,0.36342457799999994,0.6365754220000001
108,17,108,0,5917,2,1,0.590816515,0.409183485
110,17,110,1,1736,2,2,0.381336406,0.618663594
112,17,112,0,2394,4,2,0.586466165,0.413533835
114,17,114,1,1903,4,4,0.506568576,0.493431424
116,17,116,0,1671,3,1,0.70773639,0.29226361
118,17,118,0,1646,2,1,0.682867558,0.317132442
0,18,0,1,2297,5,2,0.380849919,0.619150081
2,18,2,0,5754,5,5,0.232012513,0.7679874870000001
4,18,4,0,1998,2,2,0.611111111,0.38888888899999996
6,18,6,0,2795,5,2,0.484794275,0.515205725
8,18,8,1,2399,5,3,0.345977491,0.654022509
10,18,10,0,1593,0,3,0.585059636,0.414940364
12,18,12,0,2134,0,2,0.532333646,0.467666354
14,18,14,1,2708,0,2,0.322747415,0.677252585
16,18,16,1,1796,0,5,0.43429844100000004,0.565701559
18,18,18,0,3040,0,3,0.912844037,0.087155963
20,18,20,0,2467,5,2,0.732063235,0.267936765
22,18,22,1,3682,5,2,0.42755072899999996,0.572449271
24,18,24,0,2354,0,2,0.728122345,0.271877655
26,18,26,0,1666,5,3,0.530612245,0.469387755
28,18,28,0,1239,5,2,0.515738499,0.48426150100000004
30,18,30,0,2156,0,5,0.544990724,0.455009276
32,18,32,1,2406,0,5,0.326292135,0.673707865
34,18,34,1,3311,0,5,0.531060606,0.468939394
36,18,36,1,1930,2,5,0.370984456,0.629015544
38,18,38,0,3073,0,2,0.600835946,0.399164054
40,18,40,1,3978,0,5,0.235559312,0.764440688
42,18,42,0,3181,0,5,0.676406136,0.323593864
44,18,44,1,2880,0,5,0.270138889,0.729861111
46,18,46,0,1427,3,5,0.557112824,0.442887176
48,18,48,1,1869,2,5,0.376672017,0.6233279829999999
50,18,50,1,2525,2,2,0.481584158,0.518415842
52,18,52,1,2027,2,5,0.403002309,0.596997691
54,18,54,1,2356,0,5,0.387096774,0.612903226
56,18,56,0,1708,0,5,0.482165605,0.517834395
58,18,58,0,1578,5,2,0.605196451,0.394803549
60,18,60,0,1469,0,2,0.622872703,0.37712729700000003
62,18,62,1,2905,5,2,0.30981067100000004,0.6901893290000001
64,18,64,1,1493,0,3,0.49564635,0.50435365
66,18,66,0,4786,0,5,0.7146036159999999,0.285396384
68,18,68,1,3871,0,2,0.24849594600000002,0.7515040540000001
70,18,70,0,2281,0,2,0.900928793,0.099071207
72,18,72,1,1903,0,5,0.421439832,0.578560168
74,18,74,0,2793,5,5,0.7572649570000001,0.242735043
76,18,76,1,2656,0,3,0.330670927,0.669329073
78,18,78,1,3219,0,2,0.593586875,0.406413125
80,18,80,0,4082,0,2,0.44855463,0.55144537
82,18,82,0,2184,0,3,0.7175202159999999,0.282479784
84,18,84,1,2203,0,3,0.349892009,0.650107991
86,18,86,0,2094,5,2,0.44820296,0.55179704
88,18,88,1,1528,0,3,0.42473822,0.57526178
90,18,90,1,1882,3,5,0.281602003,0.7183979970000001
92,18,92,1,3677,0,2,0.670038679,0.32996132100000003
94,18,94,0,1515,2,5,0.435643564,0.564356436
96,18,96,1,1803,5,5,0.364392679,0.6356073210000001
98,18,98,0,2202,5,5,0.58993135,0.41006865
100,18,100,1,2233,2,2,0.32583170300000003,0.674168297
102,18,102,1,2022,3,3,0.470734745,0.529265255
104,18,104,1,2086,0,5,0.343941932,0.656058068
106,18,106,0,1820,2,5,0.39865996600000003,0.601340034
108,18,108,1,5365,0,5,0.128994083,0.8710059170000001
110,18,110,1,2918,0,5,0.24152707399999998,0.7584729259999999
112,18,112,0,2741,0,3,0.608643457,0.39135654299999995
114,18,114,1,7142,0,3,0.08794740699999999,0.912052593
116,18,116,1,2151,0,5,0.633658763,0.36634123700000004
118,18,118,0,1830,0,5,0.704044118,0.295955882
0,19,0,0,2332,1,1,0.621724631,0.378275369
2,19,2,0,1884,2,1,0.7048832270000001,0.295116773
4,19,4,0,1757,5,5,0.65805169,0.34194831
6,19,6,1,1493,5,1,0.348292029,0.651707971
8,19,8,1,1847,5,5,0.396166134,0.603833866
10,19,10,0,1403,0,2,0.717196414,0.282803586
12,19,12,1,1887,1,5,0.482758621,0.517241379
14,19,14,0,1800,1,2,0.603063178,0.396936822
16,19,16,0,1502,1,1,0.610837438,0.38916256200000005
18,19,18,0,1230,5,5,0.558536585,0.441463415
20,19,20,0,2306,1,1,0.772333044,0.227666956
22,19,22,1,2261,1,1,0.58,0.42
24,19,24,1,1773,5,1,0.45548387100000004,0.544516129
26,19,26,1,1422,5,1,0.448663854,0.551336146
28,19,28,1,1751,1,5,0.388349515,0.611650485
30,19,30,0,1426,1,1,0.6987654320000001,0.301234568
32,19,32,0,1364,5,2,0.574123989,0.425876011
34,19,34,1,1608,1,5,0.308457711,0.691542289
36,19,36,0,2360,0,4,0.8032786890000001,0.196721311
38,19,38,0,1489,0,1,0.589285714,0.41071428600000004
40,19,40,1,2148,5,1,0.38353309,0.61646691
42,19,42,0,1535,5,1,0.7009771990000001,0.299022801
44,19,44,0,2264,5,3,0.59540636,0.40459364
46,19,46,0,2243,4,2,0.547035221,0.452964779
48,19,48,0,2214,1,1,0.573507275,0.426492725
50,19,50,1,1512,4,1,0.717693837,0.282306163
52,19,52,0,1100,1,1,0.59,0.41
54,19,54,1,2282,0,1,0.447852761,0.552147239
56,19,56,1,2025,1,1,0.540246914,0.45975308600000003
58,19,58,1,1772,1,1,0.319413093,0.680586907
60,19,60,1,1728,1,1,0.333333333,0.666666667
62,19,62,1,1449,2,1,0.473684211,0.526315789
64,19,64,0,1352,1,4,0.712278107,0.287721893
66,19,66,0,1716,1,5,0.7744755240000001,0.225524476
68,19,68,1,1462,5,4,0.40902872799999995,0.590971272
70,19,70,1,1558,1,2,0.329910141,0.670089859
72,19,72,1,1556,0,5,0.398457584,0.601542416
74,19,74,1,1670,0,2,0.47305389200000003,0.526946108
76,19,76,0,1332,1,2,0.617117117,0.38288288299999995
78,19,78,1,1617,1,4,0.393320965,0.606679035
80,19,80,1,1738,0,1,0.11428571400000001,0.8857142859999999
82,19,82,1,1915,4,1,0.464348851,0.535651149
84,19,84,1,3423,5,1,0.25533158,0.74466842
86,19,86,1,1415,3,5,0.45936395799999996,0.540636042
88,19,88,0,1261,1,5,0.66851705,0.33148295
90,19,90,0,1220,1,1,0.654098361,0.345901639
92,19,92,1,1444,4,5,0.415800416,0.5841995839999999
94,19,94,1,2040,0,2,0.467647059,0.532352941
96,19,96,0,1385,2,1,0.644765343,0.355234657
98,19,98,1,2138,1,1,0.475210477,0.5247895229999999
100,19,100,1,1768,1,4,0.49968132600000004,0.500318674
102,19,102,1,1390,1,4,0.38417266200000005,0.615827338
104,19,104,0,1327,0,1,0.6827430290000001,0.317256971
106,19,106,1,1424,5,5,0.314606742,0.685393258
108,19,108,1,1473,1,5,0.469789545,0.530210455
110,19,110,0,1172,3,1,0.66552901,0.33447099
112,19,112,1,1292,4,4,0.326625387,0.673374613
114,19,114,0,1573,1,5,0.748242812,0.251757188
116,19,116,1,823,0,5,0.0,1.0
118,19,118,1,1663,2,1,0.460613349,0.539386651
0,20,0,0,2166,0,3,0.6777442090000001,0.322255791
2,20,2,1,2062,3,3,0.37746806,0.62253194
4,20,4,0,4448,0,3,0.676457298,0.323542702
6,20,6,1,1950,0,5,0.40189685799999997,0.598103142
8,20,8,1,4513,0,2,0.454782815,0.545217185
10,20,10,0,2124,0,3,0.651068159,0.348931841
12,20,12,0,4598,2,3,0.42844523,0.57155477
14,20,14,1,2258,0,3,0.38446411,0.61553589
16,20,16,0,2651,0,5,0.5132890370000001,0.486710963
18,20,18,1,7442,5,4,0.524650898,0.475349102
20,20,20,1,5971,5,2,0.33759944700000005,0.662400553
22,20,22,0,2156,4,2,0.648719289,0.351280711
24,20,24,1,2890,0,5,0.499614495,0.500385505
26,20,26,1,2652,4,5,0.508203618,0.49179638200000003
28,20,28,1,4590,5,5,0.329218107,0.670781893
30,20,30,1,4333,0,3,0.430528376,0.569471624
32,20,32,1,4995,5,5,0.56011792,0.43988208
34,20,34,1,4356,0,2,0.498437876,0.501562124
36,20,36,0,2687,0,3,0.528455285,0.471544715
38,20,38,0,11149,4,5,0.43779711200000004,0.562202888
40,20,40,0,2340,0,5,0.7239316240000001,0.276068376
42,20,42,0,3176,4,5,0.575947167,0.42405283299999996
44,20,44,1,3439,0,5,0.5281259110000001,0.471874089
46,20,46,0,3036,0,3,0.41040843200000005,0.589591568
48,20,48,0,6142,3,5,0.439727195,0.560272805
50,20,50,1,1826,0,5,0.418781726,0.581218274
52,20,52,0,2606,4,5,0.524652339,0.47534766100000003
54,20,54,0,5943,5,2,0.624768635,0.375231365
56,20,56,0,1917,5,5,0.670318206,0.329681794
58,20,58,1,3327,0,4,0.550646228,0.44935377200000004
60,20,60,1,6091,2,4,0.37990477799999994,0.620095222
62,20,62,1,1582,0,4,0.40834386899999997,0.591656131
64,20,64,1,5454,0,2,0.714704804,0.28529519600000003
66,20,66,1,1904,3,2,0.5367816089999999,0.463218391
68,20,68,0,3081,0,2,0.467380721,0.532619279
70,20,70,1,1879,0,5,0.33422033,0.66577967
72,20,72,1,6372,0,5,0.25235404899999997,0.747645951
74,20,74,0,1889,0,5,0.56921167,0.43078833
76,20,76,0,1916,0,3,0.679041916,0.320958084
78,20,78,1,2240,0,3,0.366869919,0.633130081
80,20,80,0,2077,0,2,0.6247531270000001,0.375246873
82,20,82,1,2810,5,5,0.489130435,0.510869565
84,20,84,0,2539,0,4,0.6715517240000001,0.32844827600000004
86,20,86,1,2047,5,4,0.493813273,0.506186727
88,20,88,1,6161,5,3,0.50669413,0.49330587
90,20,90,0,3171,2,5,0.659793814,0.340206186
92,20,92,0,3022,4,2,0.610169492,0.38983050799999996
94,20,94,0,2536,2,2,0.527602524,0.47239747600000004
96,20,96,1,2358,3,4,0.410091251,0.589908749
98,20,98,1,1585,5,2,0.458227848,0.5417721520000001
100,20,100,0,1605,0,3,0.573831776,0.426168224
102,20,102,1,1612,0,2,0.45161290299999995,0.548387097
104,20,104,1,1810,0,3,0.504587156,0.49541284399999996
106,20,106,0,1389,5,4,0.62562995,0.37437005
108,20,108,0,2947,5,3,0.405444126,0.594555874
110,20,110,1,1871,0,3,0.298236237,0.701763763
112,20,112,1,2423,2,5,0.5240494729999999,0.475950527
114,20,114,1,1676,5,5,0.47374701700000005,0.526252983
116,20,116,0,5454,0,3,0.467076214,0.532923786
118,20,118,1,4109,5,4,0.423947432,0.5760525679999999
0,21,0,0,12034,3,3,0.6324816870000001,0.367518313
2,21,2,1,4163,2,2,0.31954023,0.68045977
4,21,4,1,11792,1,5,0.37956763,0.62043237
6,21,6,1,6381,0,5,0.597711957,0.402288043
8,21,8,0,3639,0,5,0.7276724370000001,0.272327563
10,21,10,1,5566,1,4,0.57797341,0.42202659
12,21,12,1,3849,3,4,0.38565517200000005,0.614344828
14,21,14,1,9338,0,3,0.5695009639999999,0.430499036
16,21,16,1,3910,0,3,0.653196931,0.34680306899999996
18,21,18,1,4236,5,2,0.5122950820000001,0.487704918
20,21,20,1,6885,1,1,0.6129266520000001,0.387073348
22,21,22,1,4121,4,2,0.430933034,0.5690669660000001
24,21,24,0,10833,0,2,0.6903904740000001,0.309609526
26,21,26,0,5248,2,2,0.458062906,0.541937094
28,21,28,0,5486,4,2,0.43165876799999997,0.5683412320000001
30,21,30,0,5442,4,2,0.46030871,0.53969129
32,21,32,0,3788,0,4,0.66499472,0.33500528
34,21,34,1,3275,4,4,0.29286439,0.70713561
36,21,36,1,18855,2,2,0.713526359,0.286473641
38,21,38,1,2348,0,1,0.304940375,0.695059625
40,21,40,1,3245,4,5,0.368567026,0.631432974
42,21,42,0,3560,5,1,0.629213483,0.37078651700000004
44,21,44,0,2132,0,2,0.7091932459999999,0.290806754
46,21,46,1,3744,5,1,0.551816239,0.448183761
48,21,48,1,4000,0,1,0.329189189,0.6708108110000001
50,21,50,0,8449,2,2,0.622829387,0.377170613
52,21,52,0,3640,2,3,0.715659341,0.284340659
54,21,54,1,2749,0,5,0.244452528,0.755547472
56,21,56,1,3039,1,2,0.500164528,0.499835472
58,21,58,1,3861,2,5,0.543995573,0.45600442700000005
60,21,60,0,5871,4,2,0.650655766,0.349344234
62,21,62,1,6461,5,4,0.366507177,0.633492823
64,21,64,0,5425,2,1,0.514101382,0.48589861799999995
66,21,66,1,2635,2,4,0.503225806,0.496774194
68,21,68,0,8371,0,1,0.41602067200000004,0.583979328
70,21,70,1,2861,3,3,0.623287671,0.376712329
72,21,72,1,2226,3,2,0.45193171600000004,0.548068284
74,21,74,1,2400,2,4,0.628701595,0.371298405
76,21,76,1,1837,5,5,0.320050601,0.6799493990000001
78,21,78,0,3912,0,5,0.444785276,0.5552147239999999
80,21,80,0,6098,5,2,0.857895693,0.14210430699999999
82,21,82,0,1720,2,2,0.6897735070000001,0.310226493
84,21,84,1,3359,3,4,0.648956357,0.35104364299999996
86,21,86,0,4960,5,2,0.517540323,0.48245967700000003
88,21,88,0,3282,4,3,0.622126437,0.37787356299999997
90,21,90,1,2329,1,2,0.663804208,0.33619579200000005
92,21,92,1,2227,0,4,0.564885496,0.43511450399999996
94,21,94,0,2609,4,2,0.6457048910000001,0.354295109
96,21,96,1,3929,1,2,0.532960041,0.467039959
98,21,98,1,3116,2,4,0.665596919,0.334403081
100,21,100,1,3541,0,3,0.73425586,0.26574414
102,21,102,0,5023,0,4,0.33804499299999996,0.661955007
104,21,104,0,1339,0,2,0.6198655710000001,0.380134429
106,21,106,0,1828,0,2,0.5217712179999999,0.478228782
108,21,108,0,3996,1,5,0.647647648,0.35235235200000004
110,21,110,1,2910,2,4,0.61443299,0.38556701
112,21,112,1,4456,0,5,0.577199282,0.42280071799999996
114,21,114,0,4799,4,4,0.501354449,0.498645551
116,21,116,0,1923,4,1,0.7254290170000001,0.274570983
118,21,118,1,3303,5,4,0.580684226,0.419315774
0,22,0,0,2559,3,3,0.582152231,0.417847769
2,22,2,1,2064,0,3,0.487394958,0.512605042
4,22,4,0,2118,0,2,0.49173553700000006,0.5082644629999999
6,22,6,0,1755,3,5,0.66082691,0.33917309
8,22,8,0,2642,0,3,0.626029654,0.373970346
10,22,10,1,4037,0,3,0.36656200899999997,0.633437991
12,22,12,1,1916,2,5,0.39039666,0.60960334
14,22,14,0,1673,2,5,0.46204423200000005,0.537955768
16,22,16,1,1556,3,3,0.42255639100000003,0.577443609
18,22,18,0,2674,3,2,0.650539784,0.349460216
20,22,20,1,6841,3,3,0.346586756,0.653413244
22,22,22,0,1369,0,3,0.667514843,0.332485157
24,22,24,0,2351,0,5,0.452105507,0.5478944929999999
26,22,26,1,1543,0,5,0.469879518,0.5301204820000001
28,22,28,0,1335,2,2,0.631498471,0.368501529
30,22,30,0,4297,0,2,0.430739109,0.569260891
32,22,32,0,1403,0,5,0.633306645,0.366693355
34,22,34,1,1174,2,5,0.34752981299999997,0.652470187
36,22,36,1,1214,3,2,0.399624765,0.600375235
38,22,38,1,1700,0,3,0.42175957,0.57824043
40,22,40,0,3267,3,5,0.193449648,0.806550352
42,22,42,0,1337,0,5,0.6279926339999999,0.372007366
44,22,44,0,1997,3,2,0.529411765,0.470588235
46,22,46,0,1224,2,2,0.6561181429999999,0.343881857
48,22,48,1,1633,2,5,0.46666666700000003,0.533333333
50,22,50,0,1251,5,2,0.54368932,0.45631068
52,22,52,0,1481,0,2,0.586402266,0.413597734
54,22,54,0,1123,0,3,0.6910569109999999,0.308943089
56,22,56,0,927,0,3,0.638619202,0.36138079799999995
58,22,58,1,1155,0,5,0.425974026,0.574025974
60,22,60,1,1274,2,2,0.434850863,0.565149137
62,22,62,1,1141,0,5,0.385626643,0.6143733570000001
64,22,64,1,1112,0,5,0.478417266,0.521582734
66,22,66,1,2794,0,2,0.43575823399999997,0.564241766
68,22,68,1,1740,0,2,0.459079284,0.540920716
70,22,70,0,1823,0,3,0.775119617,0.22488038300000002
72,22,72,1,1891,0,3,0.33950290899999996,0.660497091
74,22,74,1,1424,0,3,0.715589888,0.284410112
76,22,76,0,4300,0,2,0.46100861,0.53899139
78,22,78,1,1119,0,3,0.487935657,0.5120643429999999
80,22,80,0,2644,3,3,0.37707712,0.62292288
82,22,82,0,1117,5,5,0.69740376,0.30259624
84,22,84,1,1343,3,3,0.308265078,0.691734922
86,22,86,1,937,0,5,0.490928495,0.509071505
88,22,88,1,1188,0,5,0.483164983,0.516835017
90,22,90,0,1068,5,3,0.715355805,0.284644195
92,22,92,1,1856,0,2,0.558189655,0.441810345
94,22,94,1,1082,5,3,0.47689464,0.52310536
96,22,96,1,944,0,3,0.46186440700000003,0.538135593
98,22,98,1,1143,0,2,0.477690289,0.522309711
100,22,100,1,1288,0,3,0.41304347799999996,0.586956522
102,22,102,0,2282,0,3,0.43181818200000005,0.568181818
104,22,104,1,1414,3,5,0.435643564,0.564356436
106,22,106,1,1569,0,5,0.286806883,0.713193117
108,22,108,0,2245,0,2,0.6334075720000001,0.36659242799999997
110,22,110,0,1411,0,3,0.788802268,0.211197732
112,22,112,0,1076,0,3,0.723977695,0.276022305
114,22,114,1,1130,2,2,0.37653631299999996,0.623463687
116,22,116,0,1450,3,3,0.288275862,0.711724138
118,22,118,0,1119,5,2,0.523353293,0.476646707
0,23,0,0,3425,5,2,0.392014519,0.607985481
2,23,2,0,1720,2,5,0.599418605,0.400581395
4,23,4,1,4599,1,1,0.39486845,0.60513155
6,23,6,1,2743,3,2,0.410189983,0.589810017
8,23,8,0,2112,0,3,0.46413301700000004,0.535866983
10,23,10,0,2069,0,3,0.459642339,0.540357661
12,23,12,1,3369,2,2,0.569390788,0.430609212
14,23,14,1,3303,0,2,0.25491977,0.74508023
16,23,16,0,5054,0,2,0.352155833,0.647844167
18,23,18,0,2822,0,3,0.551381999,0.448618001
20,23,20,1,2208,0,2,0.44762845799999995,0.552371542
22,23,22,1,4382,3,5,0.174212825,0.825787175
24,23,24,0,3137,2,1,0.748091603,0.251908397
26,23,26,0,1826,4,3,0.675794085,0.324205915
28,23,28,1,5900,1,4,0.181083563,0.818916437
30,23,30,0,1918,4,2,0.48383733100000004,0.516162669
32,23,32,1,2913,3,2,0.332152975,0.667847025
34,23,34,1,2227,0,5,0.567436862,0.43256313799999996
36,23,36,0,1909,0,3,0.7359874279999999,0.264012572
38,23,38,1,6149,1,3,0.740941416,0.259058584
40,23,40,0,5183,4,3,0.580750054,0.41924994600000004
42,23,42,1,1966,2,5,0.327568667,0.672431333
44,23,44,1,2525,2,1,0.341386139,0.658613861
46,23,46,1,2226,0,2,0.383647799,0.616352201
48,23,48,1,3204,0,3,0.475031211,0.524968789
50,23,50,0,2695,5,3,0.621150278,0.37884972200000006
52,23,52,1,1869,2,2,0.37560192600000003,0.624398074
54,23,54,0,6932,4,1,0.634593191,0.365406809
56,23,56,1,3460,1,5,0.341618497,0.658381503
58,23,58,1,2860,5,1,0.235664336,0.7643356640000001
60,23,60,1,1836,0,2,0.35362997700000004,0.646370023
62,23,62,1,3235,2,4,0.475295755,0.524704245
64,23,64,1,1454,2,5,0.392022008,0.607977992
66,23,66,1,2655,2,3,0.319397363,0.680602637
68,23,68,0,1515,1,2,0.574917492,0.42508250799999997
70,23,70,0,1696,0,3,0.573113208,0.426886792
72,23,72,1,2809,2,3,0.203631185,0.796368815
74,23,74,0,1685,5,2,0.535499398,0.46450060200000004
76,23,76,1,5675,0,2,0.18259782,0.81740218
78,23,78,0,1411,4,3,0.58681786,0.41318214
80,23,80,0,7350,2,3,0.7428571429999999,0.257142857
82,23,82,0,3419,3,2,0.515424165,0.484575835
84,23,84,1,3181,0,2,0.5001746420000001,0.499825358
86,23,86,1,6330,2,2,0.457948632,0.542051368
88,23,88,1,7503,3,2,0.333283381,0.666716619
90,23,90,1,2130,2,1,0.309535218,0.690464782
92,23,92,0,2495,2,5,0.621788284,0.37821171600000003
94,23,94,0,2705,0,2,0.684975034,0.315024966
96,23,96,0,3054,2,2,0.656737589,0.343262411
98,23,98,1,1650,5,3,0.414908579,0.585091421
100,23,100,1,2306,3,5,0.367226061,0.632773939
102,23,102,1,2078,3,2,0.32719836399999996,0.672801636
104,23,104,1,2194,0,2,0.489516864,0.5104831360000001
106,23,106,1,8308,0,5,0.43588456700000006,0.564115433
108,23,108,0,6825,0,3,0.34583670200000005,0.654163298
110,23,110,1,1966,0,3,0.32044760899999997,0.679552391
112,23,112,1,3135,0,3,0.236044657,0.763955343
114,23,114,1,2596,0,1,0.24807396,0.75192604
116,23,116,1,5114,4,5,0.49902229200000003,0.500977708
118,23,118,1,2235,2,5,0.279194631,0.720805369
0,24,0,1,7111,1,4,0.557689445,0.442310555
2,24,2,1,6109,1,2,0.399738091,0.600261909
4,24,4,1,4336,2,3,0.605627306,0.39437269399999997
6,24,6,0,7367,3,2,0.523958192,0.47604180799999996
8,24,8,1,2772,0,5,0.288600289,0.711399711
10,24,10,0,11435,3,1,0.6722343679999999,0.327765632
12,24,12,1,9419,4,5,0.557384011,0.442615989
14,24,14,1,8187,2,2,0.569911999,0.430088001
16,24,16,1,15773,3,3,0.418647295,0.581352705
18,24,18,1,6223,3,3,0.338743371,0.661256629
20,24,20,0,3361,3,3,0.488842606,0.5111573939999999
22,24,22,1,2755,1,2,0.47477314,0.52522686
24,24,24,0,2297,0,2,0.508855912,0.491144088
26,24,26,0,4704,5,3,0.651950479,0.34804952100000003
28,24,28,0,2563,2,4,0.5724950879999999,0.427504912
30,24,30,0,20658,2,3,0.47209821399999996,0.527901786
32,24,32,1,2992,1,1,0.293449198,0.706550802
34,24,34,1,4130,1,1,0.368070953,0.6319290470000001
36,24,36,0,5870,4,2,0.580238501,0.419761499
38,24,38,1,6710,2,5,0.36125186299999995,0.638748137
40,24,40,0,8041,1,3,0.712262295,0.287737705
42,24,42,0,4360,5,3,0.68159204,0.31840796
44,24,44,1,2890,3,4,0.609756098,0.39024390200000003
46,24,46,0,3401,0,1,0.7208681140000001,0.279131886
48,24,48,1,7472,1,3,0.282789079,0.717210921
50,24,50,0,2884,2,1,0.415336707,0.584663293
52,24,52,0,2922,5,2,0.567906067,0.432093933
54,24,54,0,2857,1,1,0.667953668,0.332046332
56,24,56,1,1437,1,5,0.44606819799999997,0.553931802
58,24,58,0,4732,4,1,0.545454545,0.454545455
60,24,60,0,7581,3,1,0.37475267100000004,0.625247329
62,24,62,0,6325,5,3,0.680125852,0.319874148
64,24,64,0,1299,3,1,0.518860662,0.48113933799999997
66,24,66,1,2568,2,2,0.48776298799999995,0.512237012
68,24,68,0,1827,5,1,0.5955117679999999,0.404488232
70,24,70,0,2415,1,1,0.462802373,0.5371976270000001
72,24,72,1,3096,4,5,0.405755396,0.594244604
74,24,74,1,6112,1,5,0.297635135,0.702364865
76,24,76,1,1440,1,5,0.454166667,0.5458333329999999
78,24,78,0,3515,0,2,0.656495753,0.34350424700000004
80,24,80,1,3685,1,4,0.484513953,0.515486047
82,24,82,0,3089,4,3,0.51246358,0.48753642
84,24,84,0,3832,0,3,0.753914405,0.246085595
86,24,86,1,1435,0,2,0.540069686,0.459930314
88,24,88,0,1891,5,1,0.689582232,0.310417768
90,24,90,1,1525,1,3,0.482622951,0.517377049
92,24,92,1,2630,0,3,0.43111295,0.56888705
94,24,94,1,3829,3,3,0.414990859,0.585009141
96,24,96,0,1725,2,1,0.573913043,0.42608695700000004
98,24,98,1,2562,4,2,0.36320380700000005,0.636796193
100,24,100,0,4481,3,1,0.5146172729999999,0.485382727
102,24,102,1,2596,2,3,0.38212634799999995,0.617873652
104,24,104,1,2615,1,3,0.347227533,0.652772467
106,24,106,0,8924,3,5,0.39447177299999997,0.605528227
108,24,108,1,2951,3,5,0.488272921,0.511727079
110,24,110,1,2416,0,1,0.397350993,0.602649007
112,24,112,0,3032,3,1,0.580869565,0.419130435
114,24,114,0,2047,3,1,0.634587201,0.365412799
116,24,116,0,1918,2,2,0.525547445,0.474452555
118,24,118,0,3366,3,3,0.683067093,0.316932907
0,25,0,1,1908,4,2,0.40049597,0.59950403
2,25,2,1,2880,5,4,0.44015444,0.55984556
4,25,4,0,1333,3,2,0.5660051770000001,0.433994823
6,25,6,1,2027,2,4,0.360766629,0.639233371
8,25,8,1,2724,4,5,0.441944556,0.558055444
10,25,10,1,1983,0,4,0.47464503,0.52535497
12,25,12,0,3018,0,5,0.732732733,0.267267267
14,25,14,1,1604,3,5,0.334164589,0.665835411
16,25,16,1,2674,0,5,0.314424635,0.685575365
18,25,18,1,2316,1,5,0.306699752,0.693300248
20,25,20,0,2655,3,5,0.520850368,0.47914963200000005
22,25,22,1,1720,2,5,0.583333333,0.41666666700000005
24,25,24,0,6341,0,5,0.566555527,0.433444473
26,25,26,0,1898,0,5,0.386435331,0.613564669
28,25,28,0,2794,5,2,0.592319055,0.407680945
30,25,30,0,2170,0,5,0.498792271,0.501207729
32,25,32,0,2132,0,2,0.577207977,0.42279202299999996
34,25,34,1,2830,0,2,0.230388693,0.769611307
36,25,36,0,3317,5,5,0.541622388,0.45837761200000005
38,25,38,0,1951,4,4,0.529936306,0.470063694
40,25,40,0,3815,0,2,0.646245059,0.353754941
42,25,42,1,1689,0,4,0.426043878,0.573956122
44,25,44,1,4536,4,3,0.39309057,0.60690943
46,25,46,0,2262,0,3,0.649298597,0.35070140299999997
48,25,48,1,1956,0,3,0.386564526,0.613435474
50,25,50,0,2231,0,2,0.593479368,0.40652063200000005
52,25,52,1,1551,0,4,0.404327248,0.595672752
54,25,54,1,4379,1,3,0.388767853,0.6112321470000001
56,25,56,0,4833,5,4,0.550303849,0.449696151
58,25,58,1,3115,3,3,0.472827968,0.5271720320000001
60,25,60,0,6910,3,2,0.6206844570000001,0.379315543
62,25,62,1,8355,0,5,0.622112415,0.377887585
64,25,64,0,1940,0,2,0.493001555,0.506998445
66,25,66,1,10498,0,2,0.498666413,0.5013335870000001
68,25,68,1,5679,5,3,0.71225178,0.28774822
70,25,70,0,2113,0,5,0.631940772,0.36805922799999996
72,25,72,1,1922,2,5,0.31737773199999997,0.6826222679999999
74,25,74,0,1665,0,4,0.577177177,0.42282282299999996
76,25,76,1,1369,0,4,0.53688824,0.46311176
78,25,78,1,9257,4,5,0.522347009,0.477652991
80,25,80,1,2617,5,3,0.653731343,0.34626865700000004
82,25,82,0,1448,3,5,0.509668508,0.49033149200000004
84,25,84,1,1114,0,5,0.539497307,0.46050269299999996
86,25,86,1,1927,0,2,0.32070576,0.67929424
88,25,88,1,1601,5,5,0.335415365,0.664584635
90,25,90,1,6536,3,3,0.622898827,0.37710117299999996
92,25,92,0,4188,4,2,0.449856734,0.550143266
94,25,94,0,1970,0,3,0.6510940270000001,0.348905973
96,25,96,1,8302,0,2,0.48683210899999996,0.513167891
98,25,98,0,1358,3,3,0.528957529,0.471042471
100,25,100,0,2021,5,2,0.629886195,0.370113805
102,25,102,1,2395,4,5,0.449559256,0.550440744
104,25,104,0,8105,0,4,0.419550531,0.5804494689999999
106,25,106,0,2938,5,4,0.307824888,0.692175112
108,25,108,0,1891,3,4,0.619249075,0.380750925
110,25,110,1,1721,2,3,0.47937245799999995,0.520627542
112,25,112,1,1220,0,5,0.413114754,0.586885246
114,25,114,1,1366,5,2,0.46559297200000005,0.534407028
116,25,116,0,1436,0,4,0.526462396,0.473537604
118,25,118,0,1369,0,3,0.50036523,0.49963477
0,26,0,0,3437,5,5,0.795799677,0.20420032300000002
2,26,2,1,1841,0,2,0.237914177,0.7620858229999999
4,26,4,1,6201,3,2,0.24280812899999998,0.757191871
6,26,6,1,4353,0,1,0.35877666399999997,0.641223336
8,26,8,0,9779,5,4,0.44351464399999996,0.556485356
10,26,10,0,4067,2,2,0.691172855,0.308827145
12,26,12,1,1872,3,3,0.282828283,0.717171717
14,26,14,0,1820,2,1,0.53956044,0.46043956
16,26,16,0,2871,0,1,0.621386277,0.37861372299999996
18,26,18,0,2083,4,5,0.505520883,0.494479117
20,26,20,0,2244,2,2,0.60026738,0.39973262
22,26,22,0,2437,2,4,0.534263439,0.465736561
24,26,24,0,2942,4,2,0.542478853,0.457521147
26,26,26,1,1420,2,3,0.356338028,0.6436619720000001
28,26,28,0,1907,3,1,0.551651809,0.448348191
30,26,30,1,3838,2,4,0.406982804,0.593017196
32,26,32,0,2521,4,3,0.8020626740000001,0.19793732600000002
34,26,34,1,1862,2,2,0.464017186,0.535982814
36,26,36,0,3223,5,2,0.71300031,0.28699969
38,26,38,0,12426,2,4,0.552114061,0.447885939
40,26,40,1,1838,0,5,0.187692308,0.8123076920000001
42,26,42,0,1727,3,2,0.64137931,0.35862069
44,26,44,0,3190,3,3,0.544589355,0.455410645
46,26,46,1,1464,5,5,0.375617792,0.624382208
48,26,48,0,4234,4,2,0.47444377600000004,0.525556224
50,26,50,1,2749,5,2,0.329679965,0.670320035
52,26,52,0,2420,2,1,0.512396694,0.487603306
54,26,54,1,5827,5,2,0.472705696,0.527294304
56,26,56,1,1957,4,2,0.35653871200000004,0.643461288
58,26,58,0,1630,2,1,0.6318327970000001,0.36816720299999994
60,26,60,1,1313,2,2,0.319878142,0.680121858
62,26,62,0,2395,2,3,0.577667219,0.422332781
64,26,64,1,4231,1,5,0.612442631,0.387557369
66,26,66,1,1742,3,4,0.310146777,0.689853223
68,26,68,1,2894,2,5,0.42716146899999996,0.572838531
70,26,70,1,2253,0,3,0.569906791,0.430093209
72,26,72,1,2156,4,2,0.43302752299999997,0.566972477
74,26,74,1,1905,3,3,0.434021263,0.565978737
76,26,76,1,1960,1,4,0.27344782,0.72655218
78,26,78,1,1406,0,5,0.350640114,0.649359886
80,26,80,0,2817,2,5,0.678920428,0.321079572
82,26,82,0,2356,0,5,0.50905903,0.49094097
84,26,84,0,3883,2,2,0.745098039,0.254901961
86,26,86,1,1874,1,2,0.218829517,0.7811704829999999
88,26,88,1,1551,5,4,0.281781377,0.718218623
90,26,90,1,1514,1,2,0.35466179200000003,0.645338208
92,26,92,0,2044,2,1,0.601265823,0.398734177
94,26,94,1,3291,2,2,0.38756326799999996,0.612436732
96,26,96,0,1105,2,5,0.674208145,0.325791855
98,26,98,1,2011,5,2,0.486973948,0.5130260520000001
100,26,100,1,1647,4,2,0.264009963,0.735990037
102,26,102,0,1879,3,3,0.561468866,0.438531134
104,26,104,1,2532,0,2,0.18034118600000001,0.8196588140000001
106,26,106,0,1500,5,1,0.362909672,0.637090328
108,26,108,0,2134,2,2,0.68150134,0.31849866
110,26,110,0,2798,2,4,0.73388582,0.26611418
112,26,112,0,1659,0,5,0.62283237,0.37716763
114,26,114,1,2519,4,2,0.516871775,0.483128225
116,26,116,0,2521,5,1,0.603332011,0.396667989
118,26,118,1,1682,4,3,0.288347206,0.711652794
0,27,0,0,8714,4,4,0.665299906,0.334700094
2,27,2,0,7415,2,4,0.34435717200000004,0.655642828
4,27,4,0,2517,3,2,0.521652761,0.478347239
6,27,6,0,2352,3,1,0.565176471,0.434823529
8,27,8,0,4549,4,4,0.702217036,0.297782964
10,27,10,1,2612,2,4,0.588431128,0.41156887200000003
12,27,12,1,4971,1,4,0.5471736070000001,0.452826393
14,27,14,1,2791,2,4,0.303383897,0.696616103
16,27,16,1,1448,2,2,0.35773480700000004,0.642265193
18,27,18,0,5281,2,2,0.412735849,0.5872641510000001
20,27,20,1,3670,1,2,0.45667574899999996,0.543324251
22,27,22,0,2487,1,2,0.472858866,0.527141134
24,27,24,0,1834,2,1,0.532715376,0.467284624
26,27,26,1,2743,1,3,0.6286398089999999,0.371360191
28,27,28,0,3467,2,1,0.6740698009999999,0.325930199
30,27,30,0,1463,4,2,0.71975393,0.28024607
32,27,32,1,2777,2,4,0.314728124,0.685271876
34,27,34,1,1578,1,2,0.394169835,0.605830165
36,27,36,1,6952,3,2,0.7223820479999999,0.277617952
38,27,38,0,3970,2,4,0.352392947,0.647607053
40,27,40,0,2858,4,2,0.779667882,0.22033211800000002
42,27,42,1,1225,3,2,0.203454894,0.796545106
44,27,44,0,1530,2,1,0.663398693,0.336601307
46,27,46,0,1950,2,2,0.546728972,0.45327102799999996
48,27,48,0,2069,4,3,0.535041083,0.464958917
50,27,50,0,1648,4,2,0.6613240420000001,0.33867595799999994
52,27,52,1,2789,2,3,0.134098243,0.865901757
54,27,54,0,1726,2,3,0.489571263,0.510428737
56,27,56,1,2813,2,4,0.386775684,0.613224316
58,27,58,0,940,4,1,0.6063829789999999,0.393617021
60,27,60,0,3438,2,3,0.245673671,0.7543263290000001
62,27,62,1,1529,4,4,0.47612818799999995,0.523871812
64,27,64,1,9474,3,2,0.55182605,0.44817395
66,27,66,0,1744,1,1,0.567496723,0.432503277
68,27,68,1,1321,2,4,0.411809235,0.588190765
70,27,70,1,2787,1,2,0.580314961,0.419685039
72,27,72,0,4024,4,2,0.388170974,0.611829026
74,27,74,1,1351,2,2,0.362694301,0.637305699
76,27,76,1,2025,2,2,0.517530864,0.482469136
78,27,78,1,1187,1,3,0.414814815,0.585185185
80,27,80,1,1606,1,2,0.571428571,0.428571429
82,27,82,0,1686,2,1,0.5735099339999999,0.426490066
84,27,84,0,1358,2,2,0.640798226,0.359201774
86,27,86,0,1659,4,3,0.682941531,0.317058469
88,27,88,0,1622,2,3,0.527127004,0.472872996
90,27,90,0,1711,2,1,0.502398082,0.497601918
92,27,92,0,1543,4,2,0.546338302,0.45366169799999995
94,27,94,1,989,2,4,0.39838220399999996,0.601617796
96,27,96,0,1255,2,1,0.565737052,0.434262948
98,27,98,1,1189,2,2,0.344827586,0.655172414
100,27,100,1,1125,2,3,0.408888889,0.591111111
102,27,102,1,1458,3,3,0.514403292,0.485596708
104,27,104,0,1318,2,2,0.431289641,0.568710359
106,27,106,0,2851,4,2,0.833742546,0.166257454
108,27,108,0,1535,2,2,0.6351791529999999,0.364820847
110,27,110,0,838,4,2,1.0,0.0
112,27,112,0,1488,2,2,0.596774194,0.403225806
114,27,114,1,1180,2,4,0.36493374100000003,0.635066259
116,27,116,0,1550,1,2,0.563583815,0.436416185
118,27,118,1,1210,2,3,0.49763481600000004,0.502365184
0,28,0,0,2917,5,2,0.461090161,0.538909839
2,28,2,1,4543,1,1,0.506568334,0.493431666
4,28,4,1,5817,1,2,0.327489886,0.672510114
6,28,6,0,5476,1,3,0.71218526,0.28781474
8,28,8,0,4965,2,1,0.538585533,0.46141446700000005
10,28,10,1,5258,4,3,0.492082344,0.507917656
12,28,12,0,5668,5,3,0.62674504,0.37325496
14,28,14,0,6939,5,5,0.6954892640000001,0.304510736
16,28,16,1,2072,1,1,0.349420849,0.650579151
18,28,18,1,3675,2,1,0.43177305,0.56822695
20,28,20,1,5290,1,5,0.34896030200000006,0.651039698
22,28,22,1,5345,2,2,0.270159027,0.729840973
24,28,24,1,5653,2,2,0.41783124,0.58216876
26,28,26,0,5371,2,4,0.561161795,0.438838205
28,28,28,0,2415,2,2,0.684057971,0.31594202899999996
30,28,30,1,2941,1,2,0.378102686,0.621897314
32,28,32,1,7361,5,5,0.38766379,0.61233621
34,28,34,0,4217,5,1,0.651410956,0.34858904399999996
36,28,36,1,5377,1,1,0.45490050200000004,0.545099498
38,28,38,1,4057,4,4,0.5343850139999999,0.465614986
40,28,40,1,5485,1,2,0.290837438,0.709162562
42,28,42,1,2575,1,3,0.35783783799999996,0.642162162
44,28,44,1,6484,2,5,0.445335043,0.5546649570000001
46,28,46,0,6085,2,4,0.468999822,0.531000178
48,28,48,1,4339,2,1,0.439524838,0.560475162
50,28,50,1,2684,1,1,0.29264214,0.70735786
52,28,52,1,1964,1,5,0.298370672,0.701629328
54,28,54,1,2537,5,5,0.513062099,0.486937901
56,28,56,0,1193,1,1,0.565800503,0.43419949700000005
58,28,58,1,4694,3,5,0.7809394759999999,0.21906052399999998
60,28,60,0,2756,1,2,0.485448196,0.514551804
62,28,62,0,3310,0,1,0.664399093,0.335600907
64,28,64,0,2908,5,2,0.709653092,0.290346908
66,28,66,0,2119,1,2,0.544046983,0.455953017
68,28,68,1,1714,1,5,0.48876786899999997,0.511232131
70,28,70,1,1867,1,2,0.40814140299999996,0.591858597
72,28,72,0,3754,0,2,0.6813092159999999,0.318690784
74,28,74,1,3659,2,1,0.507242416,0.49275758399999997
76,28,76,0,4997,2,2,0.662866793,0.33713320700000005
78,28,78,1,3715,1,5,0.254643338,0.7453566620000001
80,28,80,0,4110,5,2,0.75132626,0.24867374
82,28,82,1,2029,1,1,0.460325283,0.539674717
84,28,84,1,5185,1,2,0.493629264,0.506370736
86,28,86,0,3061,1,3,0.56550147,0.43449853
88,28,88,0,4556,2,1,0.540386304,0.459613696
90,28,90,1,3245,4,3,0.506612411,0.49338758899999996
92,28,92,0,5032,5,3,0.6828298890000001,0.31717011100000003
94,28,94,0,2209,5,5,0.657311,0.34268899999999997
96,28,96,1,1594,1,1,0.488479263,0.511520737
98,28,98,1,3355,2,1,0.511537212,0.488462788
100,28,100,1,2579,1,5,0.304653205,0.695346795
102,28,102,1,2785,2,2,0.34109751299999996,0.658902487
104,28,104,1,4217,2,2,0.33202614399999997,0.667973856
106,28,106,0,2335,2,4,0.657815846,0.34218415399999996
108,28,108,0,2449,2,2,0.61878705,0.38121295
110,28,110,1,2363,1,2,0.398020891,0.601979109
112,28,112,1,5577,5,5,0.437195351,0.5628046489999999
114,28,114,0,2996,5,1,0.5832422589999999,0.416757741
116,28,116,1,4317,1,1,0.465740063,0.5342599370000001
118,28,118,1,2574,4,4,0.332313074,0.667686926
0,29,0,1,3623,1,2,0.330113166,0.6698868339999999
2,29,2,0,2373,0,3,0.674252002,0.325747998
4,29,4,1,2788,1,2,0.31635581100000004,0.683644189
6,29,6,0,3628,0,3,0.74914966,0.25085034
8,29,8,1,2493,0,5,0.485359005,0.514640995
10,29,10,0,3070,5,4,0.516286645,0.483713355
12,29,12,1,2406,0,2,0.372807018,0.6271929820000001
14,29,14,0,1897,0,5,0.693043016,0.306956984
16,29,16,0,2070,2,3,0.596135266,0.403864734
18,29,18,0,2017,2,3,0.671789787,0.32821021300000003
20,29,20,1,2607,1,2,0.332182585,0.667817415
22,29,22,0,3657,5,2,0.5745146289999999,0.425485371
24,29,24,0,6361,0,2,0.672692973,0.327307027
26,29,26,0,5723,0,4,0.8675519829999999,0.132448017
28,29,28,0,639,5,3,0.0,1.0
30,29,30,0,1729,5,1,0.563909774,0.436090226
32,29,32,0,1568,0,3,0.612882653,0.38711734700000006
34,29,34,0,1470,0,1,0.614285714,0.385714286
36,29,36,0,2112,0,1,0.652409046,0.347590954
38,29,38,1,3224,2,3,0.25558312699999997,0.7444168729999999
40,29,40,0,5120,3,1,0.50107949,0.49892051
42,29,42,0,4756,0,1,0.469475494,0.530524506
44,29,44,1,5451,5,1,0.424512987,0.5754870129999999
46,29,46,1,3510,0,1,0.21994302,0.78005698
48,29,48,1,3600,1,5,0.2,0.8
50,29,50,0,5080,0,5,0.617913386,0.382086614
52,29,52,1,2928,3,2,0.375,0.625
54,29,54,1,3548,0,5,0.222096956,0.7779030440000001
56,29,56,0,1853,0,5,0.6049649220000001,0.395035078
58,29,58,0,1783,0,5,0.7061132920000001,0.293886708
60,29,60,0,6710,0,5,0.46418857700000005,0.535811423
62,29,62,0,2520,3,5,0.71031746,0.28968254
64,29,64,1,2755,0,2,0.40187313799999996,0.598126862
66,29,66,1,1915,0,3,0.269451697,0.730548303
68,29,68,0,4124,2,1,0.760375881,0.239624119
70,29,70,1,2029,0,2,0.33908329200000004,0.660916708
72,29,72,0,2111,0,1,0.495026054,0.504973946
74,29,74,0,1799,1,1,0.543348776,0.45665122399999997
76,29,76,0,5120,2,1,0.699414063,0.300585938
78,29,78,1,2179,0,3,0.487379532,0.5126204679999999
80,29,80,1,2714,0,3,0.21899529,0.78100471
82,29,82,1,2021,0,3,0.36769138,0.63230862
84,29,84,1,1564,1,1,0.456521739,0.543478261
86,29,86,1,2328,2,1,0.40247973299999995,0.597520267
88,29,88,1,2753,0,1,0.416856492,0.5831435079999999
90,29,90,1,2620,0,1,0.326398521,0.6736014790000001
92,29,92,1,2136,1,2,0.284946237,0.715053763
94,29,94,1,2502,1,3,0.26212766,0.73787234
96,29,96,0,2116,0,3,0.423945044,0.576054956
98,29,98,1,3566,3,2,0.41054402700000003,0.589455973
100,29,100,1,2103,0,3,0.366715046,0.633284954
102,29,102,0,1481,5,5,0.614449696,0.385550304
104,29,104,0,1359,5,1,0.53053716,0.46946284
106,29,106,1,2310,0,5,0.408658009,0.5913419910000001
108,29,108,1,1214,5,3,0.0,1.0
110,29,110,1,2033,0,5,0.327594688,0.672405312
112,29,112,1,2288,5,3,0.368881119,0.631118881
114,29,114,0,1592,2,5,0.612437186,0.387562814
116,29,116,0,2946,0,5,0.607446378,0.39255362200000005
118,29,118,0,1492,0,1,0.64075067,0.35924933
0,30,0,0,1931,4,5,0.483907397,0.5160926029999999
2,30,2,1,1716,4,5,0.435897436,0.564102564
4,30,4,0,1241,4,1,0.72280419,0.27719581
6,30,6,1,1600,5,1,0.39,0.61
8,30,8,1,1704,5,1,0.405367232,0.594632768
10,30,10,0,2422,3,5,0.683319571,0.316680429
12,30,12,0,2521,1,1,0.45378817899999996,0.546211821
14,30,14,1,1472,1,1,0.395380435,0.604619565
16,30,16,0,1362,1,5,0.750367107,0.249632893
18,30,18,0,1274,2,1,0.64678179,0.35321821
20,30,20,1,6168,1,1,0.6060311279999999,0.393968872
22,30,22,1,2056,1,1,0.28571428600000004,0.7142857140000001
24,30,24,0,2561,3,5,0.6778602109999999,0.322139789
26,30,26,0,1732,0,1,0.565242494,0.434757506
28,30,28,0,4265,1,1,0.666822978,0.333177022
30,30,30,0,1845,3,1,0.545257453,0.45474254700000005
32,30,32,1,1607,4,1,0.648413192,0.351586808
34,30,34,0,1155,2,3,0.6865800870000001,0.313419913
36,30,36,0,1786,1,5,0.5268757,0.47312429999999994
38,30,38,0,1149,1,5,0.623150566,0.376849434
40,30,40,1,2153,2,5,0.466790525,0.533209475
42,30,42,0,1541,1,1,0.533419857,0.46658014299999995
44,30,44,0,1645,3,1,0.5392097260000001,0.460790274
46,30,46,1,1549,1,5,0.395093609,0.604906391
48,30,48,0,1421,1,3,0.501759324,0.498240676
50,30,50,1,3184,5,2,0.295854271,0.704145729
52,30,52,1,1209,4,1,0.39040529399999996,0.609594706
54,30,54,1,1544,1,4,0.294041451,0.7059585490000001
56,30,56,0,3872,0,1,0.391900718,0.6080992820000001
58,30,58,0,1818,0,1,0.751375138,0.248624862
60,30,60,1,1240,1,2,0.326612903,0.673387097
62,30,62,0,1281,2,4,0.669008587,0.330991413
64,30,64,1,1447,5,1,0.35245335200000005,0.647546648
66,30,66,1,1867,0,1,0.26780932,0.73219068
68,30,68,1,1272,5,1,0.45440251600000003,0.545597484
70,30,70,1,1506,1,2,0.399734396,0.600265604
72,30,72,1,1381,5,3,0.370745836,0.629254164
74,30,74,1,1317,2,3,0.49354593799999996,0.506454062
76,30,76,1,1619,1,1,0.450994842,0.5490051579999999
78,30,78,0,1305,1,4,0.6689655170000001,0.331034483
80,30,80,0,4243,1,1,0.340089559,0.6599104410000001
82,30,82,0,2300,1,1,0.64137931,0.35862069
84,30,84,1,1566,5,5,0.412515964,0.587484036
86,30,86,1,2027,4,1,0.296003947,0.703996053
88,30,88,1,1615,1,3,0.40619195,0.59380805
90,30,90,0,1492,2,1,0.461126005,0.538873995
92,30,92,0,1745,0,5,0.473352436,0.526647564
94,30,94,0,1349,1,4,0.544106746,0.45589325399999997
96,30,96,1,1252,0,1,0.372204473,0.6277955270000001
98,30,98,1,1201,5,4,0.389675271,0.610324729
100,30,100,1,7982,5,1,0.41483663600000004,0.585163364
102,30,102,0,1442,5,1,0.526352288,0.47364771200000005
104,30,104,0,2007,2,5,0.517688092,0.48231190799999996
106,30,106,0,839,5,4,0.556615018,0.44338498200000004
108,30,108,1,1226,1,1,0.412724307,0.5872756929999999
110,30,110,0,980,5,2,0.608163265,0.391836735
112,30,112,0,1058,0,1,0.47731569,0.52268431
114,30,114,1,1304,1,5,0.48466257700000004,0.515337423
116,30,116,0,1491,1,3,0.700201207,0.299798793
118,30,118,1,1262,1,1,0.34231378799999995,0.657686212
0,31,0,1,2806,4,1,0.7294642859999999,0.270535714
2,31,2,0,1842,1,3,0.527687296,0.47231270399999997
4,31,4,1,3179,1,1,0.183391003,0.816608997
6,31,6,0,3571,4,2,0.410991637,0.5890083629999999
8,31,8,1,6869,1,1,0.394513195,0.605486805
10,31,10,1,1689,1,1,0.422248804,0.577751196
12,31,12,0,2321,3,4,0.492460146,0.507539854
14,31,14,1,1410,2,1,0.409219858,0.5907801420000001
16,31,16,0,5267,5,5,0.599012721,0.400987279
18,31,18,1,1750,5,2,0.574496644,0.425503356
20,31,20,0,3594,4,3,0.7463768120000001,0.253623188
22,31,22,1,1617,1,1,0.421286031,0.5787139689999999
24,31,24,1,1593,3,1,0.447204969,0.552795031
26,31,26,0,5021,1,5,0.401739491,0.5982605089999999
28,31,28,1,621,1,3,1.0,0.0
30,31,30,0,1954,3,5,0.523029683,0.47697031700000003
32,31,32,0,1801,1,3,0.543586896,0.45641310399999996
34,31,34,0,4277,1,5,0.508707124,0.491292876
36,31,36,1,2515,1,5,0.255302121,0.7446978790000001
38,31,38,1,2434,4,2,0.35031277899999996,0.649687221
40,31,40,0,3174,1,1,0.622641509,0.377358491
42,31,42,0,2021,4,2,0.61831219,0.38168781
44,31,44,1,1523,2,1,0.402515723,0.5974842770000001
46,31,46,1,3317,1,1,0.685790527,0.314209473
48,31,48,1,3040,5,5,0.547249647,0.452750353
50,31,50,1,2594,2,4,0.262265834,0.737734166
52,31,52,0,7643,1,1,0.133062933,0.8669370670000001
54,31,54,0,1653,1,1,0.639769452,0.360230548
56,31,56,1,1510,2,1,0.335664336,0.664335664
58,31,58,0,1585,1,2,0.592485549,0.407514451
60,31,60,1,1448,5,1,0.403892944,0.596107056
62,31,62,0,1912,1,2,0.6313253010000001,0.368674699
64,31,64,1,1542,3,4,0.262839879,0.737160121
66,31,66,0,1861,3,4,0.519069166,0.480930834
68,31,68,0,1993,1,4,0.466444814,0.5335551860000001
70,31,70,1,1326,3,3,0.440037771,0.559962229
72,31,72,0,2107,3,4,0.629274145,0.370725855
74,31,74,0,6600,1,1,0.487816381,0.512183619
76,31,76,1,1352,5,1,0.42397137700000004,0.576028623
78,31,78,0,1981,1,4,0.41250717200000003,0.587492828
80,31,80,0,2825,1,2,0.6870854470000001,0.312914553
82,31,82,1,13504,1,4,0.13766788800000002,0.862332112
84,31,84,1,6495,1,1,0.10915994300000001,0.890840057
86,31,86,1,2104,2,1,0.206751055,0.793248945
88,31,88,0,2535,1,1,0.562012142,0.43798785799999995
90,31,90,0,1655,1,4,0.557719054,0.442280946
92,31,92,0,1120,3,3,0.609821429,0.39017857100000003
94,31,94,1,1337,4,1,0.35433790000000004,0.6456621
96,31,96,0,1652,4,2,0.523465704,0.476534296
98,31,98,1,1494,1,1,0.311248074,0.6887519259999999
100,31,100,0,1718,1,4,0.562457799,0.437542201
102,31,102,0,1684,2,3,0.5125698320000001,0.487430168
104,31,104,1,1177,2,1,0.397089397,0.602910603
106,31,106,1,4596,4,4,0.228653432,0.771346568
108,31,108,1,2865,5,5,0.522580645,0.477419355
110,31,110,1,1543,3,1,0.573459716,0.426540284
112,31,112,0,2962,3,2,0.7048104959999999,0.295189504
114,31,114,1,2271,4,3,0.505344995,0.494655005
116,31,116,1,3296,2,4,0.586165049,0.413834951
118,31,118,0,1519,1,5,0.507996954,0.492003046
0,32,0,0,6039,1,4,0.35883424399999997,0.641165756
2,32,2,0,1721,3,3,0.5028854079999999,0.497114592
4,32,4,0,5161,4,3,0.282995703,0.717004297
6,32,6,0,2053,3,1,0.57816092,0.42183908
8,32,8,1,2466,3,3,0.233171127,0.766828873
10,32,10,1,3087,3,2,0.47619047600000003,0.523809524
12,32,12,0,3717,4,4,0.654475983,0.345524017
14,32,14,0,1951,3,1,0.538643068,0.46135693200000005
16,32,16,1,5609,4,3,0.506184586,0.493815414
18,32,18,1,2590,4,1,0.559637188,0.44036281200000005
20,32,20,1,5707,3,3,0.466406411,0.533593589
22,32,22,1,3916,1,3,0.354084422,0.645915578
24,32,24,0,5606,3,3,0.461297539,0.538702461
26,32,26,0,2270,1,1,0.55661882,0.44338118
28,32,28,0,2622,2,4,0.681415929,0.318584071
30,32,30,1,3626,1,1,0.430647292,0.5693527079999999
32,32,32,1,2322,3,3,0.539512775,0.460487225
34,32,34,0,2585,3,3,0.540744738,0.45925526200000005
36,32,36,1,5957,3,3,0.402054013,0.597945987
38,32,38,0,5984,3,1,0.617816092,0.38218390799999996
40,32,40,1,3665,1,1,0.229462738,0.7705372620000001
42,32,42,1,3585,3,4,0.270013947,0.729986053
44,32,44,0,2483,3,3,0.275070479,0.724929521
46,32,46,0,3935,1,3,0.622385529,0.377614471
48,32,48,0,9235,3,3,0.43519220399999997,0.564807796
50,32,50,1,5398,4,1,0.492597577,0.5074024229999999
52,32,52,0,2498,1,1,0.596604689,0.40339531100000003
54,32,54,0,6321,1,3,0.680636777,0.31936322300000003
56,32,56,0,2554,3,2,0.530931872,0.469068128
58,32,58,0,7288,3,3,0.553492239,0.446507761
60,32,60,0,2752,3,2,0.566104355,0.433895645
62,32,62,0,1675,3,1,0.475820896,0.524179104
64,32,64,1,1641,1,3,0.38013488700000003,0.619865113
66,32,66,0,3286,2,1,0.384765625,0.615234375
68,32,68,0,4459,3,3,0.43593251299999997,0.564067487
70,32,70,0,6405,1,3,0.40598495799999995,0.594015042
72,32,72,0,4429,3,4,0.710544141,0.289455859
74,32,74,0,2278,3,1,0.5618964,0.4381036
76,32,76,0,2534,4,3,0.39168316799999997,0.6083168320000001
78,32,78,1,4478,3,4,0.443876365,0.556123635
80,32,80,0,9789,3,1,0.274872794,0.7251272059999999
82,32,82,1,4597,3,1,0.388731782,0.611268218
84,32,84,1,3562,3,1,0.250142126,0.749857874
86,32,86,0,1884,3,1,0.615711253,0.38428874700000004
88,32,88,0,2179,4,2,0.5462962960000001,0.453703704
90,32,90,0,2713,3,4,0.468116476,0.5318835239999999
92,32,92,0,2694,3,3,0.501208703,0.498791297
94,32,94,1,2285,3,1,0.46520787700000005,0.534792123
96,32,96,1,2841,1,2,0.308342133,0.691657867
98,32,98,1,1243,1,4,0.5763636360000001,0.423636364
100,32,100,1,2423,4,2,0.487978629,0.512021371
102,32,102,1,3420,4,3,0.547953216,0.452046784
104,32,104,1,5417,3,4,0.5733801,0.42661990000000005
106,32,106,0,1789,4,1,0.66744186,0.33255814
108,32,108,1,3252,3,3,0.40115025200000004,0.598849748
110,32,110,0,2098,1,2,0.522402288,0.477597712
112,32,112,0,3779,2,2,0.381847049,0.618152951
114,32,114,0,2133,1,1,0.620253165,0.379746835
116,32,116,1,1213,1,3,0.589121339,0.41087866100000003
118,32,118,1,5280,3,3,0.382618954,0.617381046
